fiscal_year,dept_id,dept_name,category_id,category_name,budget_allocated,actual_spend,is_partial_year,variance_amount,variance_pct,inflation_rate,cola_pct,cpi_index,unemployment_rate,interest_rate_pct,workload_value,authorized_fte,prior_actual_spend,prior_budget_allocated,spend_yoy_growth,rolling3_avg_spend,rolling3_std_spend,execution_rate,prior_execution_rate,rolling3_execution_rate,workload_yoy_growth,spend_per_workload_unit,spend_per_fte,category_share_of_dept,dept_share_of_agency,committed_capital_pipeline,category_id_code,dept_id_code
2019,DEPT-01,Public Safety,CAP,Capital Outlay,23633.2,22857.0,False,-776.2,-3.28,0.0317,0.0265,103.17,4.65,4.63,213871.0,1965.2,,,,,,0.9671563732376487,,,,0.10687283455915014,11.630877264400569,0.1238091420622832,0.1755904683514518,0.0,0,0
2020,DEPT-01,Public Safety,CAP,Capital Outlay,23312.2,23656.0,False,343.8,1.47,0.0046,0.0,103.64,4.28,3.12,219228.0,2011.0,22857.0,23633.2,0.03495646847792799,22857.0,,1.0147476428651092,0.9671563732376487,0.9671563732376487,0.025047809193392334,0.10790592442571205,11.763301839880656,0.1246028468611207,0.17781031238971803,3009.1,0,0
2021,DEPT-01,Public Safety,CAP,Capital Outlay,24155.1,22877.8,False,-1277.3,-5.29,0.0278,0.0235,106.52,4.73,4.43,218218.0,2003.5,23656.0,23312.2,-0.03289651673993921,23256.5,564.9783181680515,0.9471208978642192,1.0147476428651092,0.990952008051379,-0.00460707573850061,0.10483919749974796,11.418916895432991,0.12190089910558337,0.16889114146590628,9365.5,0,0
2022,DEPT-01,Public Safety,CAP,Capital Outlay,26451.7,25744.7,False,-707.0,-2.67,0.0288,0.0344,109.59,4.48,2.47,214952.0,2053.5,22877.8,24155.1,0.12531362281338243,23130.266666666666,455.417186032031,0.9732720392262123,0.9471208978642192,0.9763416379889923,-0.014966684691455345,0.11976952994156835,12.536985634282932,0.13002905674424056,0.17118188897604922,8471.1,0,0
2023,DEPT-01,Public Safety,CAP,Capital Outlay,25807.6,23033.3,False,-2774.3,-10.75,0.0324,0.0276,113.14,4.73,3.44,220327.0,2093.8,25744.7,26451.7,-0.10531876463893541,24092.833333333332,1482.5304122794012,0.892500658720687,0.9732720392262123,0.9783801933185136,0.02500558264170616,0.10454143159939544,11.000716400802368,0.10856964548581373,0.172747322791586,15103.1,0,0
2024,DEPT-01,Public Safety,CAP,Capital Outlay,26376.1,25083.7,False,-1292.4,-4.9,0.0258,0.0224,116.06,4.93,3.31,218434.0,2174.9,23033.3,25807.6,0.08901894214029249,23885.266666666666,1612.1923902975518,0.9510010956889002,0.892500658720687,0.9376311986037061,-0.008591774952683928,0.11483422910352785,11.533265897282634,0.11389122721943892,0.17035793075106123,3979.0,0,0
2025,DEPT-01,Public Safety,CAP,Capital Outlay,28679.4,29821.9,False,1142.5,3.98,0.0229,0.0211,118.71,4.52,3.94,220143.0,2206.5,25083.7,26376.1,0.18889557760617448,24620.566666666666,1413.7863534966389,1.0398369561427365,0.9510010956889002,0.9389245978785997,0.007823873572795348,0.13546603798440104,13.515476999773398,0.13142988098464767,0.16825418105932058,1779.8,0,0
2026,DEPT-01,Public Safety,CAP,Capital Outlay,27458.7,14186.9,True,-13271.8,-48.33,0.033,0.0351,122.62,5.48,3.01,228308.0,2200.3,29821.9,28679.4,-0.5242791371441793,25979.63333333333,3481.8522216391248,0.5166632069253096,1.0398369561427365,0.9611129035174413,0.037089528170325625,0.06213930304676139,6.447711675680588,0.11963385222538916,0.1579604972213786,7875.6,0,0
2019,DEPT-01,Public Safety,CONTR,Contracted Services,9681.4,9208.7,False,-472.7,-4.88,0.0317,0.0265,103.17,4.65,4.63,213871.0,1965.2,,,,,,0.9511744169231724,,,-0.0632347530528935,0.04305726349060883,4.68588438835742,0.04988061628861826,0.1755904683514518,0.0,1,0
2020,DEPT-01,Public Safety,CONTR,Contracted Services,9834.6,9532.8,False,-301.8,-3.07,0.0046,0.0,103.64,4.28,3.12,219228.0,2011.0,9208.7,9681.4,0.03519497866148291,9208.7,,0.9693124275517051,0.9511744169231724,0.9511744169231724,0.025047809193392334,0.043483496633641684,4.740328194927896,0.05021195546828252,0.17781031238971803,3009.1,1,0
2021,DEPT-01,Public Safety,CONTR,Contracted Services,10710.4,10312.4,False,-398.0,-3.72,0.0278,0.0235,106.52,4.73,4.43,218218.0,2003.5,9532.8,9834.6,0.08178079892581414,9370.75,229.17330778255902,0.9628398565879892,0.9693124275517051,0.9602434222374387,-0.00460707573850061,0.047257329826137166,5.147192413276765,0.054948064583850625,0.16889114146590628,9365.5,1,0
2022,DEPT-01,Public Safety,CONTR,Contracted Services,10083.8,8811.8,False,-1272.0,-12.61,0.0288,0.0344,109.59,4.48,2.47,214952.0,2053.5,10312.4,10710.4,-0.14551413831891702,9684.633333333333,567.2992537747012,0.8738570776889665,0.9628398565879892,0.9611089003542889,-0.014966684691455345,0.04099426848784845,4.291112734355977,0.04450586109835806,0.17118188897604922,8471.1,1,0
2023,DEPT-01,Public Safety,CONTR,Contracted Services,11364.4,10345.0,False,-1019.4,-8.97,0.0324,0.0276,113.14,4.73,3.44,220327.0,2093.8,8811.8,10083.8,0.1739939626410043,9552.333333333334,750.490675047554,0.9102988279187639,0.8738570776889665,0.9353364539428869,0.02500558264170616,0.04695293813286615,4.940777533670837,0.04876213927447405,0.172747322791586,15103.1,1,0
2024,DEPT-01,Public Safety,CONTR,Contracted Services,12129.9,11014.1,False,-1115.8,-9.2,0.0258,0.0224,116.06,4.93,3.31,218434.0,2174.9,10345.0,11364.4,0.06467858869018861,9823.066666666666,875.9342973838471,0.9080124320893,0.9102988279187639,0.9156652540652398,-0.008591774952683928,0.050423011069705266,5.064186859165939,0.050008944681909855,0.17035793075106123,3979.0,1,0
2025,DEPT-01,Public Safety,CONTR,Contracted Services,10795.3,9708.8,False,-1086.5,-10.06,0.0229,0.0211,118.71,4.52,3.94,220143.0,2206.5,11014.1,12129.9,-0.11851172587864656,10056.966666666665,1129.049920656007,0.899354348651728,0.9080124320893,0.8973894458990102,0.007823873572795348,0.04410224263319751,4.400090641287106,0.04278823376457393,0.16825418105932058,1779.8,1,0
2026,DEPT-01,Public Safety,CONTR,Contracted Services,12017.7,5907.2,True,-6110.5,-50.85,0.033,0.0351,122.62,5.48,3.01,228308.0,2200.3,9708.8,10795.3,-0.39156229400131837,10355.966666666665,652.7190998686466,0.4915416427436198,0.899354348651728,0.9058885362199307,0.037089528170325625,0.025873819577062564,2.684724810253147,0.04981363736022802,0.1579604972213786,7875.6,1,0
2019,DEPT-01,Public Safety,GRANTS,Grants & Subsidies,14947.1,14137.5,False,-809.6,-5.42,0.0317,0.0265,103.17,4.65,4.63,213871.0,1965.2,,,,,,0.9458356470485914,,,-0.0632347530528935,0.06610293120619438,7.193924282515774,0.07657836749816375,0.1755904683514518,0.0,2,0
2020,DEPT-01,Public Safety,GRANTS,Grants & Subsidies,15396.7,13177.3,False,-2219.4,-14.41,0.0046,0.0,103.64,4.28,3.12,219228.0,2011.0,14137.5,14947.1,-0.06791865605658709,14137.5,,0.8558522280748471,0.9458356470485914,0.9458356470485914,0.025047809193392334,0.060107741711825126,6.5526106414719045,0.06940856839461641,0.17781031238971803,3009.1,2,0
2021,DEPT-01,Public Safety,GRANTS,Grants & Subsidies,17180.0,16285.4,False,-894.6,-5.21,0.0278,0.0235,106.52,4.73,4.43,218218.0,2003.5,13177.3,15396.7,0.2358677422537243,13657.4,678.9639312953235,0.9479278230500582,0.8558522280748471,0.9008439375617192,-0.00460707573850061,0.07462904068408656,8.128475168455203,0.08677429220878176,0.16889114146590628,9365.5,2,0
2022,DEPT-01,Public Safety,GRANTS,Grants & Subsidies,17233.6,16130.9,False,-1102.7,-6.4,0.0288,0.0344,109.59,4.48,2.47,214952.0,2053.5,16285.4,17180.0,-0.009487025188205434,14533.4,1591.4220087707724,0.9360145297558259,0.9479278230500582,0.9165385660578322,-0.014966684691455345,0.07504419591350626,7.855320185049915,0.08147252488611909,0.17118188897604922,8471.1,2,0
2023,DEPT-01,Public Safety,GRANTS,Grants & Subsidies,17630.1,15049.7,False,-2580.4,-14.64,0.0324,0.0276,113.14,4.73,3.44,220327.0,2093.8,16130.9,17233.6,-0.067026638315283,15197.866666666667,1751.5663856483818,0.8536366781810655,0.9360145297558259,0.913264860293577,0.02500558264170616,0.06830619942176856,7.187744770274143,0.07093818921595477,0.172747322791586,15103.1,2,0
2024,DEPT-01,Public Safety,GRANTS,Grants & Subsidies,19331.5,18516.6,False,-814.9,-4.22,0.0258,0.0224,116.06,4.93,3.31,218434.0,2174.9,15049.7,17630.1,0.23036339594809174,15822.0,673.2778252697786,0.9578460026381811,0.8536366781810655,0.9125263436623166,-0.008591774952683928,0.08476977027385846,8.51377074808037,0.08407365332592331,0.17035793075106123,3979.0,2,0
2025,DEPT-01,Public Safety,GRANTS,Grants & Subsidies,21083.7,18775.5,False,-2308.2,-10.95,0.0229,0.0211,118.71,4.52,3.94,220143.0,2206.5,18516.6,19331.5,0.013982048540228886,16565.733333333334,1773.882443493181,0.8905220620669048,0.9578460026381811,0.915832403525024,0.007823873572795348,0.08528774478407217,8.509177430319511,0.08274663017538293,0.16825418105932058,1779.8,2,0
2026,DEPT-01,Public Safety,GRANTS,Grants & Subsidies,21007.6,11454.0,True,-9553.6,-45.48,0.033,0.0351,122.62,5.48,3.01,228308.0,2200.3,18775.5,21083.7,-0.38994966845090673,17447.266666666666,2080.3849988243396,0.5452312496429864,0.8905220620669048,0.9006682476287171,0.037089528170325625,0.050169069853005586,5.205653774485297,0.0965881301334053,0.1579604972213786,7875.6,2,0
2019,DEPT-01,Public Safety,OPS,Operating Expenses,38214.7,36639.3,False,-1575.4,-4.12,0.0317,0.0265,103.17,4.65,4.63,213871.0,1965.2,,,,,,0.9587750263642003,,,-0.0632347530528935,0.1713149515362064,18.644056584571548,0.198463503467761,0.1755904683514518,0.0,3,0
2020,DEPT-01,Public Safety,OPS,Operating Expenses,37548.6,36665.5,False,-883.1,-2.35,0.0046,0.0,103.64,4.28,3.12,219228.0,2011.0,36639.3,38214.7,0.0007150791636303389,36639.3,,0.9764811471000251,0.9587750263642003,0.9587750263642003,0.025047809193392334,0.16724825296038828,18.23247140726007,0.1931275651668254,0.17781031238971803,3009.1,3,0
2021,DEPT-01,Public Safety,OPS,Operating Expenses,41475.9,39125.7,False,-2350.2,-5.67,0.0278,0.0235,106.52,4.73,4.43,218218.0,2003.5,36665.5,37548.6,0.0670984985885914,36652.4,18.526197667085487,0.9433357684824198,0.9764811471000251,0.9676280867321128,-0.00460707573850061,0.17929639168171277,19.52867481906663,0.20847537823284243,0.16889114146590628,9365.5,3,0
2022,DEPT-01,Public Safety,OPS,Operating Expenses,44097.0,44124.5,False,27.5,0.06,0.0288,0.0344,109.59,4.48,2.47,214952.0,2053.5,39125.7,41475.9,0.12776257038212746,37476.833333333336,1428.0205087229394,1.0006236251899223,0.9433357684824198,0.9595306473155484,-0.014966684691455345,0.20527606163236445,21.48746043340638,0.2228601271062099,0.17118188897604922,8471.1,3,0
2023,DEPT-01,Public Safety,OPS,Operating Expenses,47003.3,48736.6,False,1733.3,3.69,0.0324,0.0276,113.14,4.73,3.44,220327.0,2093.8,44124.5,44097.0,0.10452469716370727,39971.9,3800.81715950662,1.0368761342288733,1.0006236251899223,0.9734801802574559,0.02500558264170616,0.22120121455836098,23.276626229821375,0.22972458936339601,0.172747322791586,15103.1,3,0
2024,DEPT-01,Public Safety,OPS,Operating Expenses,45876.8,45327.7,False,-549.1,-1.2,0.0258,0.0224,116.06,4.93,3.31,218434.0,2174.9,48736.6,47003.3,-0.06994537985825855,43995.6,4806.746416236238,0.9880309873400062,1.0368761342288733,0.9936118426337384,-0.008591774952683928,0.2075121089207724,20.84128005885328,0.20580804985048304,0.17035793075106123,3979.0,3,0
2025,DEPT-01,Public Safety,OPS,Operating Expenses,46787.4,44411.5,False,-2375.9,-5.08,0.0229,0.0211,118.71,4.52,3.94,220143.0,2206.5,45327.7,45876.8,-0.0202128058560217,46062.93333333333,2392.3404112569756,0.9492192342382778,0.9880309873400062,1.0085102489196005,0.007823873572795348,0.20173932398486438,20.127577611602085,0.19572858065212745,0.16825418105932058,1779.8,3,0
2026,DEPT-01,Public Safety,OPS,Operating Expenses,49358.4,25798.4,True,-23560.0,-47.73,0.033,0.0351,122.62,5.48,3.01,228308.0,2200.3,44411.5,46787.4,-0.4191054118865609,46158.6,2279.1267209174343,0.5226749651528413,0.9492192342382778,0.9913754519357191,0.037089528170325625,0.11299823046060585,11.724946598191156,0.21755013239336854,0.1579604972213786,7875.6,3,0
2019,DEPT-01,Public Safety,PERS,Personnel & Compensation,102135.0,101772.3,False,-362.7,-0.36,0.0317,0.0265,103.17,4.65,4.63,213871.0,1965.2,,,,,,0.9964488177412248,,,-0.0632347530528935,0.47585834451608683,51.787248117239976,0.5512683706831739,0.1755904683514518,0.0,4,0
2020,DEPT-01,Public Safety,PERS,Personnel & Compensation,109946.0,106819.6,False,-3126.4,-2.84,0.0046,0.0,103.64,4.28,3.12,219228.0,2011.0,101772.3,102135.0,0.049594044744984744,101772.3,,0.9715642224364689,0.9964488177412248,0.9964488177412248,0.025047809193392334,0.4872534530260733,53.1176529090005,0.5626490641091549,0.17781031238971803,3009.1,4,0
2021,DEPT-01,Public Safety,PERS,Personnel & Compensation,100797.9,99074.1,False,-1723.8,-1.71,0.0278,0.0235,106.52,4.73,4.43,218218.0,2003.5,106819.6,109946.0,-0.0725101011424869,104295.95000000001,3568.980056682858,0.9828984532415855,0.9715642224364689,0.9840065200888468,-0.00460707573850061,0.45401433428956367,49.45051160469179,0.5279013658689419,0.16889114146590628,9365.5,4,0
2022,DEPT-01,Public Safety,PERS,Personnel & Compensation,117222.3,103180.0,False,-14042.3,-11.98,0.0288,0.0344,109.59,4.48,2.47,214952.0,2053.5,99074.1,100797.9,0.04144271812713907,102555.33333333333,3931.672476610093,0.8802079467814571,0.9828984532415855,0.9836371644730931,-0.014966684691455345,0.480014142692322,50.24592159727295,0.5211324301650724,0.17118188897604922,8471.1,4,0
2023,DEPT-01,Public Safety,PERS,Personnel & Compensation,124838.4,114987.7,False,-9850.7,-7.89,0.0324,0.0276,113.14,4.73,3.44,220327.0,2093.8,103180.0,117222.3,0.11443787555727858,103024.56666666667,3875.088670383342,0.9210923882395161,0.8802079467814571,0.9448902074865039,0.02500558264170616,0.5218956369396397,54.918187028369466,0.5420054366603615,0.172747322791586,15103.1,4,0
2024,DEPT-01,Public Safety,PERS,Personnel & Compensation,126414.7,120300.5,False,-6114.2,-4.84,0.0258,0.0224,116.06,4.93,3.31,218434.0,2174.9,114987.7,124838.4,0.04620320260340893,105747.26666666666,8261.586399919408,0.9516337894248058,0.9210923882395161,0.9280662627541862,-0.008591774952683928,0.5507407271761722,55.31311784449859,0.5462181249222449,0.17035793075106123,3979.0,4,0
2025,DEPT-01,Public Safety,PERS,Personnel & Compensation,127795.0,124185.8,False,-3609.2,-2.82,0.0229,0.0211,118.71,4.52,3.94,220143.0,2206.5,120300.5,126414.7,0.03229662387105625,112822.73333333334,8763.172402921988,0.9717578935013107,0.9516337894248058,0.9176447081485929,0.007823873572795348,0.5641142348382643,56.28180376161342,0.5473066744232681,0.16825418105932058,1779.8,4,0
2026,DEPT-01,Public Safety,PERS,Personnel & Compensation,111847.7,61239.5,True,-50608.2,-45.25,0.033,0.0351,122.62,5.48,3.01,228308.0,2200.3,124185.8,127795.0,-0.5068719612065148,119824.66666666667,4617.474842739676,0.5475257872982636,0.9717578935013107,0.9481613570552109,0.037089528170325625,0.26823194982217,27.832341044403034,0.516414247887609,0.1579604972213786,7875.6,4,0
2019,DEPT-02,Health & Human Services,CAP,Capital Outlay,30062.8,27274.8,False,-2788.0,-9.27,0.0317,0.0265,103.17,4.65,4.63,97287.0,2586.2,,,,,,0.9072608007238181,,,,0.280354004132104,10.54628412342433,0.11017503720328262,0.23545764281370393,0.0,0,1
2020,DEPT-02,Health & Human Services,CAP,Capital Outlay,33576.7,29506.4,False,-4070.3,-12.12,0.0046,0.0,103.64,4.28,3.12,106252.0,2652.1,27274.8,30062.8,0.08181911508058737,27274.8,,0.8787760560150344,0.9072608007238181,0.9072608007238181,0.09215003032265368,0.2777020667846252,11.125673994193281,0.1175855009869062,0.23502066464016327,0.0,0,1
2021,DEPT-02,Health & Human Services,CAP,Capital Outlay,34919.7,33948.8,False,-970.9,-2.78,0.0278,0.0235,106.52,4.73,4.43,113384.0,2755.8,29506.4,33576.7,0.15055716725862878,28390.6,1577.9794928959022,0.9721962101621723,0.8787760560150344,0.8930184283694262,0.06712344238226109,0.2994143794538912,12.319036214529357,0.13593058686451706,0.22475365163602454,0.0,0,1
2022,DEPT-02,Health & Human Services,CAP,Capital Outlay,37114.4,33596.1,False,-3518.3,-9.48,0.0288,0.0344,109.59,4.48,2.47,118187.0,2772.8,33948.8,34919.7,-0.010389174285983738,30243.333333333332,3397.480250617118,0.9052039100726402,0.9721962101621723,0.9194110223003417,0.042360474140972215,0.2842622285022887,12.116308424697056,0.12762759112186278,0.22759079041802172,3270.8,0,1
2023,DEPT-02,Health & Human Services,CAP,Capital Outlay,39999.1,36290.9,False,-3708.2,-9.27,0.0324,0.0276,113.14,4.73,3.44,124829.0,2768.7,33596.1,37114.4,0.08021169123797112,32350.43333333333,2469.3103335412015,0.9072929140905671,0.9052039100726402,0.9187253920832822,0.05619907434827853,0.29072491167917713,13.107559504460578,0.12023821751014661,0.24576429622290422,4619.7,0,1
2024,DEPT-02,Health & Human Services,CAP,Capital Outlay,44908.8,41387.4,False,-3521.4,-7.84,0.0258,0.0224,116.06,4.93,3.31,133195.0,2835.2,36290.9,39999.1,0.14043465441749858,34611.933333333334,1464.6829429379513,0.9215877511757161,0.9072929140905671,0.9282310114417932,0.06701968292624305,0.31072788017568226,14.597700338600452,0.12757166763196515,0.250942917385346,23675.0,0,1
2025,DEPT-02,Health & Human Services,CAP,Capital Outlay,43058.4,40809.5,False,-2248.9,-5.22,0.0229,0.0211,118.71,4.52,3.94,130796.0,2880.2,41387.4,44908.8,-0.013963186863634847,37091.46666666667,3956.863551265495,0.9477709343589171,0.9215877511757161,0.9113615251129744,-0.01801118660610379,0.3120087770268204,14.168981320741617,0.126994524636026,0.23828732788229834,10041.8,0,1
2026,DEPT-02,Health & Human Services,CAP,Capital Outlay,46481.4,25272.3,True,-21209.1,-45.63,0.033,0.0351,122.62,5.48,3.01,137085.0,2930.5,40809.5,43058.4,-0.380725076269006,39495.93333333333,2790.63990929202,0.5437078057029263,0.9477709343589171,0.9255505332084001,0.04808251016850673,0.18435496224969908,8.623886708752773,0.12767244062028912,0.26367119025164776,0.0,0,1
2019,DEPT-02,Health & Human Services,CONTR,Contracted Services,12692.2,12032.2,False,-660.0,-5.2,0.0317,0.0265,103.17,4.65,4.63,97287.0,2586.2,,,,,,0.9479995587841351,,,-0.2903162271583324,0.12367736696578166,4.652463073234863,0.04860340250477867,0.23545764281370393,0.0,1,1
2020,DEPT-02,Health & Human Services,CONTR,Contracted Services,13086.0,13257.0,False,171.0,1.31,0.0046,0.0,103.64,4.28,3.12,106252.0,2652.1,12032.2,12692.2,0.10179352071940295,12032.2,,1.0130674002751032,0.9479995587841351,0.9479995587841351,0.09215003032265368,0.12476941610510861,4.998680291090079,0.05283026687713227,0.23502066464016327,0.0,1,1
2021,DEPT-02,Health & Human Services,CONTR,Contracted Services,13102.8,12097.8,False,-1005.0,-7.67,0.0278,0.0235,106.52,4.73,4.43,113384.0,2755.8,13257.0,13086.0,-0.08744059742023091,12644.6,866.0643855972829,0.9232988368898251,1.0130674002751032,0.9805334795296192,0.06712344238226109,0.10669759401679249,4.389941214892227,0.04843944568790515,0.22475365163602454,0.0,1,1
2022,DEPT-02,Health & Human Services,CONTR,Contracted Services,14042.4,13360.1,False,-682.3,-4.86,0.0288,0.0344,109.59,4.48,2.47,118187.0,2772.8,12097.8,13102.8,0.10434128519234909,12462.333333333334,688.9827090234801,0.9514114396399477,0.9232988368898251,0.9614552653163545,0.042360474140972215,0.11304204354116781,4.818270340450086,0.050753432099178146,0.22759079041802172,3270.8,1,1
2023,DEPT-02,Health & Human Services,CONTR,Contracted Services,15562.7,15503.5,False,-59.2,-0.38,0.0324,0.0276,113.14,4.73,3.44,124829.0,2768.7,13360.1,14042.4,0.16043293089123578,12904.966666666667,700.9250482992694,0.9961960328220681,0.9514114396399477,0.9625925589349587,0.05619907434827853,0.12419790273093592,5.599559359988443,0.05136585769899776,0.24576429622290422,4619.7,1,1
2024,DEPT-02,Health & Human Services,CONTR,Contracted Services,16599.5,15964.4,False,-635.1,-3.83,0.0258,0.0224,116.06,4.93,3.31,133195.0,2835.2,15503.5,15562.7,0.02972877092269477,13653.800000000001,1721.7412378171111,0.9617398114401036,0.9961960328220681,0.956968769783947,0.06701968292624305,0.1198573520027028,5.630784424379232,0.04920833709640481,0.250942917385346,23675.0,1,1
2025,DEPT-02,Health & Human Services,CONTR,Contracted Services,14535.5,13592.7,False,-942.8,-6.49,0.0229,0.0211,118.71,4.52,3.94,130796.0,2880.2,15964.4,16599.5,-0.14856180000501107,14942.666666666666,1389.7824086285318,0.93513811014413,0.9617398114401036,0.9697824279673731,-0.01801118660610379,0.10392290284106548,4.71935976668287,0.04229893713522858,0.23828732788229834,10041.8,1,1
2026,DEPT-02,Health & Human Services,CONTR,Contracted Services,19202.7,9795.2,True,-9407.5,-48.99,0.033,0.0351,122.62,5.48,3.01,137085.0,2930.5,13592.7,14535.5,-0.27937790137353136,15020.200000000003,1257.5469732777335,0.5100949345664932,0.93513811014413,0.9643579848021006,0.04808251016850673,0.07145347776926725,3.342501279645112,0.049484102767213746,0.26367119025164776,0.0,1,1
2019,DEPT-02,Health & Human Services,GRANTS,Grants & Subsidies,17448.9,13891.1,False,-3557.8,-20.39,0.0317,0.0265,103.17,4.65,4.63,97287.0,2586.2,,,,,,0.7961017599963321,,,-0.2903162271583324,0.14278475027495965,5.3712396566390845,0.05611232563738393,0.23545764281370393,0.0,2,1
2020,DEPT-02,Health & Human Services,GRANTS,Grants & Subsidies,19934.8,18862.0,False,-1072.8,-5.38,0.0046,0.0,103.64,4.28,3.12,106252.0,2652.1,13891.1,17448.9,0.3578478306253645,13891.1,,0.9461845616710477,0.7961017599963321,0.7961017599963321,0.09215003032265368,0.17752136430373075,7.1120998454055275,0.07516666620174012,0.23502066464016327,0.0,2,1
2021,DEPT-02,Health & Human Services,GRANTS,Grants & Subsidies,20231.7,16546.2,False,-3685.5,-18.22,0.0278,0.0235,106.52,4.73,4.43,113384.0,2755.8,18862.0,19934.8,-0.12277595164881772,16376.55,3514.9570986002095,0.8178353771556518,0.9461845616710477,0.8711431608336899,0.06712344238226109,0.1459306427714669,6.004136729806227,0.06625078578263952,0.22475365163602454,0.0,2,1
2022,DEPT-02,Health & Human Services,GRANTS,Grants & Subsidies,23276.2,20223.0,False,-3053.2,-13.12,0.0288,0.0344,109.59,4.48,2.47,118187.0,2772.8,16546.2,20231.7,0.22221416397722726,16433.100000000002,2487.379225208734,0.8688273859135082,0.8178353771556518,0.8533738996076772,0.042360474140972215,0.1711101897839864,7.293349682631275,0.07682477356768884,0.22759079041802172,3270.8,2,1
2023,DEPT-02,Health & Human Services,GRANTS,Grants & Subsidies,23254.1,18763.2,False,-4490.9,-19.31,0.0324,0.0276,113.14,4.73,3.44,124829.0,2768.7,20223.0,23276.2,-0.07218513573653762,18543.733333333334,1858.9472325306444,0.8068770668398262,0.8688273859135082,0.8776157749134025,0.05619907434827853,0.15031122575683536,6.776898905623579,0.0621658245672161,0.24576429622290422,4619.7,2,1
2024,DEPT-02,Health & Human Services,GRANTS,Grants & Subsidies,27188.8,22040.8,False,-5148.0,-18.93,0.0258,0.0224,116.06,4.93,3.31,133195.0,2835.2,18763.2,23254.1,0.17468235695403767,18510.8,1851.3492053094708,0.8106573294886129,0.8068770668398262,0.8311799433029954,0.06701968292624305,0.1654776830962123,7.773984198645598,0.0679381070553506,0.250942917385346,23675.0,2,1
2025,DEPT-02,Health & Human Services,GRANTS,Grants & Subsidies,28570.6,24570.8,False,-3999.8,-14.0,0.0229,0.0211,118.71,4.52,3.94,130796.0,2880.2,22040.8,27188.8,0.1147871220645349,20342.333333333332,1642.0553502648283,0.8600029400852625,0.8106573294886129,0.8287872607473158,-0.01801118660610379,0.18785589773387565,8.530935351711687,0.07646153630715563,0.23828732788229834,10041.8,2,1
2026,DEPT-02,Health & Human Services,GRANTS,Grants & Subsidies,30956.3,14272.5,True,-16683.8,-53.89,0.033,0.0351,122.62,5.48,3.01,137085.0,2930.5,24570.8,28570.6,-0.41912758233350156,21791.6,2911.8087025077753,0.4610531620380989,0.8600029400852625,0.8258457788045672,0.04808251016850673,0.10411423569318307,4.870329295342092,0.07210285208521093,0.26367119025164776,0.0,2,1
2019,DEPT-02,Health & Human Services,OPS,Operating Expenses,48599.5,46618.9,False,-1980.6,-4.08,0.0317,0.0265,103.17,4.65,4.63,97287.0,2586.2,,,,,,0.959246494305497,,,-0.2903162271583324,0.47918940865686066,18.026022736060632,0.18831445297036503,0.23545764281370393,0.0,3,1
2020,DEPT-02,Health & Human Services,OPS,Operating Expenses,51855.8,49856.1,False,-1999.7,-3.86,0.0046,0.0,103.64,4.28,3.12,106252.0,2652.1,46618.9,48599.5,0.06943964786813916,46618.9,,0.9614372934175154,0.959246494305497,0.959246494305497,0.09215003032265368,0.469225049881414,18.798725538252704,0.19868077758565242,0.23502066464016327,0.0,3,1
2021,DEPT-02,Health & Human Services,OPS,Operating Expenses,55086.2,52710.9,False,-2375.3,-4.31,0.0278,0.0235,106.52,4.73,4.43,113384.0,2755.8,49856.1,51855.8,0.0572607965725358,48237.5,2289.0460720570895,0.9568803075906489,0.9614372934175154,0.9603418938615063,0.06712344238226109,0.4648883440344317,19.12725887219682,0.211053809594356,0.22475365163602454,0.0,3,1
2022,DEPT-02,Health & Human Services,OPS,Operating Expenses,57946.7,56029.0,False,-1917.7,-3.31,0.0288,0.0344,109.59,4.48,2.47,118187.0,2772.8,52710.9,55086.2,0.06294902951761405,49728.63333333333,3047.999641294818,0.9669057944628426,0.9568803075906489,0.9591880317712205,0.042360474140972215,0.4740707522823999,20.206650317368723,0.21284751215072134,0.22759079041802172,3270.8,3,1
2023,DEPT-02,Health & Human Services,OPS,Operating Expenses,59874.8,57227.1,False,-2647.7,-4.42,0.0324,0.0276,113.14,4.73,3.44,124829.0,2768.7,56029.0,57946.7,0.021383569223080823,52865.333333333336,3089.346345642285,0.9557793930000601,0.9669057944628426,0.9617411318236689,0.05619907434827853,0.45844395132541316,20.669303283129267,0.18960357823241944,0.24576429622290422,4619.7,3,1
2024,DEPT-02,Health & Human Services,OPS,Operating Expenses,63602.7,65628.2,False,2025.5,3.18,0.0258,0.0224,116.06,4.93,3.31,133195.0,2835.2,57227.1,59874.8,0.14680282593386695,55322.333333333336,2339.5616989798136,1.0318461323182821,0.9557793930000601,0.9598551650178506,0.06701968292624305,0.49272269980104355,23.147643905191874,0.20229100928505137,0.250942917385346,23675.0,3,1
2025,DEPT-02,Health & Human Services,OPS,Operating Expenses,69684.9,63568.9,False,-6116.0,-8.78,0.0229,0.0211,118.71,4.52,3.94,130796.0,2880.2,65628.2,63602.7,-0.03137827945913485,59628.1,5230.655877612286,0.9122334967833778,1.0318461323182821,0.984843773260395,-0.01801118660610379,0.48601562738921683,22.071002013749048,0.1978191900693484,0.23828732788229834,10041.8,3,1
2026,DEPT-02,Health & Human Services,OPS,Operating Expenses,72627.0,38157.3,True,-34469.7,-47.46,0.033,0.0351,122.62,5.48,3.01,137085.0,2930.5,63568.9,69684.9,-0.39974893383399746,62141.4,4378.691298778664,0.5253872526746252,0.9122334967833778,0.9666196740339066,0.04808251016850673,0.27834774045300364,13.020747312745266,0.19276581943394777,0.26367119025164776,0.0,3,1
2019,DEPT-02,Health & Human Services,PERS,Personnel & Compensation,150461.5,147741.8,False,-2719.7,-1.81,0.0317,0.0265,103.17,4.65,4.63,97287.0,2586.2,,,,,,0.9819242796329958,,,-0.2903162271583324,1.518618109305457,57.12698167195112,0.5967947816841898,0.23545764281370393,0.0,4,1
2020,DEPT-02,Health & Human Services,PERS,Personnel & Compensation,146644.3,139454.2,False,-7190.1,-4.9,0.0046,0.0,103.64,4.28,3.12,106252.0,2652.1,147741.8,150461.5,-0.0560951606112825,147741.8,,0.9509691136989301,0.9819242796329958,0.9819242796329958,0.09215003032265368,1.3124854120393028,52.58255721880774,0.555736788348569,0.23502066464016327,0.0,4,1
2021,DEPT-02,Health & Human Services,PERS,Personnel & Compensation,146095.5,134447.3,False,-11648.2,-7.97,0.0278,0.0235,106.52,4.73,4.43,113384.0,2755.8,139454.2,146644.3,-0.03590354395923556,143598.0,5860.2181597616145,0.9202699604026133,0.9509691136989301,0.966446696665963,0.06712344238226109,1.185769597121287,48.787030989186434,0.5383253720705823,0.22475365163602454,0.0,4,1
2022,DEPT-02,Health & Human Services,PERS,Personnel & Compensation,152902.9,140027.2,False,-12875.7,-8.42,0.0288,0.0344,109.59,4.48,2.47,118187.0,2772.8,134447.3,146095.5,0.041502506930224836,140547.76666666666,6714.37626316349,0.9157916560117566,0.9202699604026133,0.9510544512448464,0.042360474140972215,1.1847935898195234,50.500288517022504,0.5319466910605488,0.22759079041802172,3270.8,4,1
2023,DEPT-02,Health & Human Services,PERS,Personnel & Compensation,188023.4,174040.3,False,-13983.1,-7.44,0.0324,0.0276,113.14,4.73,3.44,124829.0,2768.7,140027.2,152902.9,0.24290352160151718,137976.23333333334,3069.5455858047494,0.9256310650695605,0.9157916560117566,0.9290102433711,0.05619907434827853,1.3942297062381337,62.8599342651786,0.57662652199122,0.24576429622290422,4619.7,4,1
2024,DEPT-02,Health & Human Services,PERS,Personnel & Compensation,171438.5,179403.9,False,7965.4,4.65,0.0258,0.0224,116.06,4.93,3.31,133195.0,2835.2,174040.3,188023.4,0.030818149589491695,149504.93333333332,21430.631910966444,1.0464621424009193,0.9256310650695605,0.9205642271613103,0.06701968292624305,1.3469266864371785,63.27733493227991,0.5529908789312282,0.250942917385346,23675.0,4,1
2025,DEPT-02,Health & Human Services,PERS,Personnel & Compensation,192660.6,178806.6,False,-13854.0,-7.19,0.0229,0.0211,118.71,4.52,3.94,130796.0,2880.2,179403.9,171438.5,-0.003329359060756154,164490.46666666667,21354.873290266394,0.9280911613479871,1.0464621424009193,0.9626282878274122,-0.01801118660610379,1.3670647420410411,62.081313797652946,0.5564258118522414,0.23828732788229834,10041.8,4,1
2026,DEPT-02,Health & Human Services,PERS,Personnel & Compensation,222179.9,110449.1,True,-111730.8,-50.29,0.033,0.0351,122.62,5.48,3.01,137085.0,2930.5,178806.6,192660.6,-0.38229852813039333,177416.93333333335,2939.4610600130686,0.49711562567090906,0.9280911613479871,0.966728122939489,0.04808251016850673,0.8056979246452931,37.68950691008361,0.5579747850933383,0.26367119025164776,0.0,4,1
2019,DEPT-03,Transportation & Infrastructure,CAP,Capital Outlay,20042.1,14072.8,False,-5969.3,-29.78,0.0317,0.0265,103.17,4.65,4.63,4281.0,1667.8,,,,,,0.7021619490971505,,,,3.2872693295958886,8.437942199304473,0.09208778466608297,0.1453492895433511,0.0,0,2
2020,DEPT-03,Transportation & Infrastructure,CAP,Capital Outlay,21429.0,17816.0,False,-3613.0,-16.86,0.0046,0.0,103.64,4.28,3.12,4191.0,1671.0,14072.8,20042.1,0.26598828946620445,14072.8,,0.8313967053992254,0.7021619490971505,0.7021619490971505,-0.021023125437981793,4.251014077785731,10.661879114302813,0.11108319205807551,0.1502122845966012,12736.6,0,2
2021,DEPT-03,Transportation & Infrastructure,CAP,Capital Outlay,19650.3,17008.5,False,-2641.8,-13.44,0.0278,0.0235,106.52,4.73,4.43,4214.0,1667.3,17816.0,21429.0,-0.04532442748091603,15944.4,2646.8421033374852,0.8655593044381003,0.8313967053992254,0.766779327248188,0.005487950369840178,4.036188894162316,10.201223535056679,0.09862498499619904,0.15519530721653862,17489.5,0,2
2022,DEPT-03,Transportation & Infrastructure,CAP,Capital Outlay,22710.0,17269.7,False,-5440.3,-23.96,0.0288,0.0344,109.59,4.48,2.47,4339.0,1651.0,17008.5,19650.3,0.01535702736866873,16299.1,1969.8535047053629,0.7604447380008807,0.8655593044381003,0.799705986311492,0.02966302800189835,3.980110624567873,10.46014536644458,0.10844565848757438,0.13768385406025901,2945.4,0,2
2023,DEPT-03,Transportation & Infrastructure,CAP,Capital Outlay,22072.2,18540.4,False,-3531.8,-16.0,0.0324,0.0276,113.14,4.73,3.44,4388.0,1657.7,17269.7,22710.0,0.07357973792248851,17364.733333333334,412.0528647313744,0.8399887641467548,0.7604447380008807,0.8191335826127354,0.011292924637013035,4.225250683682772,11.184412137298667,0.10454041832180727,0.1444103920535953,2425.4,0,2
2024,DEPT-03,Transportation & Infrastructure,CAP,Capital Outlay,22879.2,19909.8,False,-2969.4,-12.98,0.0258,0.0224,116.06,4.93,3.31,4273.0,1629.8,18540.4,22072.2,0.07386032663804443,17606.2,819.5142402667574,0.870213993496276,0.8399887641467548,0.8219976021952453,-0.02620783956244299,4.659443014275684,12.216100134985888,0.10755571641956334,0.14318398029366286,2141.1,0,2
2025,DEPT-03,Transportation & Infrastructure,CAP,Capital Outlay,24280.7,19349.6,False,-4931.1,-20.31,0.0229,0.0211,118.71,4.52,3.94,4295.0,1683.2,19909.8,22879.2,-0.02813689740730696,18573.300000000003,1320.3574553884994,0.7969127743434085,0.870213993496276,0.8235491652146371,0.0051486075356892425,4.5051455180442375,11.495722433460076,0.11095272226841366,0.1293179166731241,3672.3,0,2
2026,DEPT-03,Transportation & Infrastructure,CAP,Capital Outlay,23542.2,8737.6,True,-14804.6,-62.89,0.033,0.0351,122.62,5.48,3.01,4367.0,1644.6,19349.6,24280.7,-0.5484351097697109,19266.600000000002,688.4626642019066,0.3711462819957353,0.7969127743434085,0.8357051773288132,0.016763678696158246,2.0008243645523245,5.312902833515749,0.09085133616221315,0.12810790002291098,0.0,0,2
2019,DEPT-03,Transportation & Infrastructure,CONTR,Contracted Services,8538.3,7999.9,False,-538.4,-6.31,0.0317,0.0265,103.17,4.65,4.63,4281.0,1667.8,,,,,,0.9369429511729501,,,-0.01969315319441267,1.8686989021256715,4.796678258784027,0.05234872012323043,0.1453492895433511,0.0,1,2
2020,DEPT-03,Transportation & Infrastructure,CONTR,Contracted Services,8676.9,8495.7,False,-181.2,-2.09,0.0046,0.0,103.64,4.28,3.12,4191.0,1671.0,7999.9,8538.3,0.06197577469718385,7999.9,,0.9791169657366111,0.9369429511729501,0.9369429511729501,-0.021023125437981793,2.027129563350036,5.084201077199283,0.05297089553029817,0.1502122845966012,12736.6,1,2
2021,DEPT-03,Transportation & Infrastructure,CONTR,Contracted Services,8601.6,7796.9,False,-804.7,-9.36,0.0278,0.0235,106.52,4.73,4.43,4214.0,1667.3,8495.7,8676.9,-0.0822533752368847,8247.8,350.5835421122917,0.9064476376488094,0.9791169657366111,0.9580299584547807,0.005487950369840178,1.850237304224015,4.676362982066815,0.04521087371119524,0.15519530721653862,17489.5,1,2
2022,DEPT-03,Transportation & Infrastructure,CONTR,Contracted Services,9018.9,8220.3,False,-798.6,-8.85,0.0288,0.0344,109.59,4.48,2.47,4339.0,1651.0,7796.9,8601.6,0.05430363349536349,8097.5,359.4783442712514,0.9114526161727039,0.9064476376488094,0.9408358515194569,0.02966302800189835,1.8945148651763077,4.978982434887946,0.05161964866010455,0.13768385406025901,2945.4,1,2
2023,DEPT-03,Transportation & Infrastructure,CONTR,Contracted Services,8978.0,8530.1,False,-447.9,-4.99,0.0324,0.0276,113.14,4.73,3.44,4388.0,1657.7,8220.3,9018.9,0.0376871890320305,8170.966666666667,352.0024052948129,0.9501113833815995,0.9114526161727039,0.9323390731860415,0.011292924637013035,1.943960802187785,5.145744103275623,0.04809714042452418,0.1444103920535953,2425.4,1,2
2024,DEPT-03,Transportation & Infrastructure,CONTR,Contracted Services,9130.6,8220.3,False,-910.3,-9.97,0.0258,0.0224,116.06,4.93,3.31,4273.0,1629.8,8530.1,8978.0,-0.03631844878723589,8182.433333333333,368.0638169303439,0.9003022802444526,0.9501113833815995,0.922670545734371,-0.02620783956244299,1.9237772057102736,5.043747699104184,0.04440728966055593,0.14318398029366286,2141.1,1,2
2025,DEPT-03,Transportation & Infrastructure,CONTR,Contracted Services,9654.4,9170.1,False,-484.3,-5.02,0.0229,0.0211,118.71,4.52,3.94,4295.0,1683.2,8220.3,9130.6,0.1155432283493305,8323.566666666668,178.8631133949478,0.9498363440503812,0.9003022802444526,0.920622093266252,0.0051486075356892425,2.1350640279394644,5.448015684410646,0.052582356145531695,0.1293179166731241,3672.3,1,2
2026,DEPT-03,Transportation & Infrastructure,CONTR,Contracted Services,10427.6,5784.6,True,-4643.0,-44.53,0.033,0.0351,122.62,5.48,3.01,4367.0,1644.6,9170.1,9654.4,-0.3691889946674518,8640.166666666666,484.37177181720114,0.5547393455828762,0.9498363440503812,0.9334166692254778,0.016763678696158246,1.324616441493016,3.517329441809559,0.06014679536302167,0.12810790002291098,0.0,1,2
2019,DEPT-03,Transportation & Infrastructure,GRANTS,Grants & Subsidies,13378.3,11549.6,False,-1828.7,-13.67,0.0317,0.0265,103.17,4.65,4.63,4281.0,1667.8,,,,,,0.8633084921103579,,,-0.01969315319441267,2.6978743284279374,6.925050965343567,0.07557679195180717,0.1453492895433511,0.0,2,2
2020,DEPT-03,Transportation & Infrastructure,GRANTS,Grants & Subsidies,13196.0,11944.1,False,-1251.9,-9.49,0.0046,0.0,103.64,4.28,3.12,4191.0,1671.0,11549.6,13378.3,0.03415702708318902,11549.6,,0.9051303425280388,0.8633084921103579,0.8633084921103579,-0.021023125437981793,2.8499403483655454,7.14787552363854,0.07447175315788392,0.1502122845966012,12736.6,2,2
2021,DEPT-03,Transportation & Infrastructure,GRANTS,Grants & Subsidies,14095.1,12534.9,False,-1560.2,-11.07,0.0278,0.0235,106.52,4.73,4.43,4214.0,1667.3,11944.1,13196.0,0.04946375197796393,11746.85,278.953625178093,0.8893090506629963,0.9051303425280388,0.8842194173191984,0.005487950369840178,2.974584717607973,7.518083128411203,0.07268450036328045,0.15519530721653862,17489.5,2,2
2022,DEPT-03,Transportation & Infrastructure,GRANTS,Grants & Subsidies,14556.8,14757.6,False,200.8,1.38,0.0288,0.0344,109.59,4.48,2.47,4339.0,1651.0,12534.9,14095.1,0.1773209199913841,12009.533333333333,495.8983397162499,1.013794240492416,0.8893090506629963,0.8859159617671309,0.02966302800189835,3.401152339248675,8.938582677165355,0.09267084255639806,0.13768385406025901,2945.4,2,2
2023,DEPT-03,Transportation & Infrastructure,GRANTS,Grants & Subsidies,14178.2,14377.8,False,199.6,1.41,0.0324,0.0276,113.14,4.73,3.44,4388.0,1657.7,14757.6,14556.8,-0.025735892014961848,13078.866666666669,1483.5330678260375,1.0140779506566417,1.013794240492416,0.9360778778944837,0.011292924637013035,3.2766180492251595,8.673342583097062,0.08106951449522558,0.1444103920535953,2425.4,2,2
2024,DEPT-03,Transportation & Infrastructure,GRANTS,Grants & Subsidies,12832.8,11034.8,False,-1798.0,-14.01,0.0258,0.0224,116.06,4.93,3.31,4273.0,1629.8,14377.8,14178.2,-0.23251123259469464,13890.1,1188.9017158705763,0.8598902811545415,1.0140779506566417,0.9723937472706847,-0.02620783956244299,2.5824479288556046,6.770646705117192,0.059611639471345644,0.14318398029366286,2141.1,2,2
2025,DEPT-03,Transportation & Infrastructure,GRANTS,Grants & Subsidies,16378.4,15829.7,False,-548.7,-3.35,0.0229,0.0211,118.71,4.52,3.94,4295.0,1683.2,11034.8,12832.8,0.4345253198970531,13390.066666666666,2048.541630851894,0.9664985590778099,0.8598902811545415,0.9625874907678664,0.0051486075356892425,3.6856111757857977,9.404527091254753,0.09076923076923077,0.1293179166731241,3672.3,2,2
2026,DEPT-03,Transportation & Infrastructure,GRANTS,Grants & Subsidies,16104.1,8217.8,True,-7886.3,-48.97,0.033,0.0351,122.62,5.48,3.01,4367.0,1644.6,15829.7,16378.4,-0.4808619241046893,13747.433333333334,2458.818436431071,0.5102924100073893,0.9664985590778099,0.9468222636296644,0.016763678696158246,1.8817952828028393,4.996838136932992,0.08544658834391997,0.12810790002291098,0.0,2,2
2019,DEPT-03,Transportation & Infrastructure,OPS,Operating Expenses,29623.4,28107.4,False,-1516.0,-5.12,0.0317,0.0265,103.17,4.65,4.63,4281.0,1667.8,,,,,,0.9488242402965223,,,-0.01969315319441267,6.5656155103947675,16.85297997361794,0.18392560106897424,0.1453492895433511,0.0,3,2
2020,DEPT-03,Transportation & Infrastructure,OPS,Operating Expenses,35699.5,34341.2,False,-1358.3,-3.8,0.0046,0.0,103.64,4.28,3.12,4191.0,1671.0,28107.4,29623.4,0.22178501035314535,28107.4,,0.9619518480650989,0.9488242402965223,0.9488242402965223,-0.021023125437981793,8.19403483655452,20.551286654697783,0.2141182148127965,0.1502122845966012,12736.6,3,2
2021,DEPT-03,Transportation & Infrastructure,OPS,Operating Expenses,35365.8,33125.5,False,-2240.3,-6.33,0.0278,0.0235,106.52,4.73,4.43,4214.0,1667.3,34341.2,35699.5,-0.03540062665253385,31224.3,4407.9622525606965,0.9366534900949504,0.9619518480650989,0.9553880441808107,0.005487950369840178,7.860821072615092,19.867750254903136,0.1920805444625682,0.15519530721653862,17489.5,3,2
2022,DEPT-03,Transportation & Infrastructure,OPS,Operating Expenses,35984.5,34570.1,False,-1414.4,-3.93,0.0288,0.0344,109.59,4.48,2.47,4339.0,1651.0,33125.5,35365.8,0.043609907774976975,31858.033333333336,3304.5301365448795,0.9606941877752921,0.9366534900949504,0.9491431928188572,0.02966302800189835,7.967296612122609,20.938885523924892,0.2170840986514702,0.13768385406025901,2945.4,3,2
2023,DEPT-03,Transportation & Infrastructure,OPS,Operating Expenses,37413.0,34892.2,False,-2520.8,-6.74,0.0324,0.0276,113.14,4.73,3.44,4388.0,1657.7,34570.1,35984.5,0.009317300210297308,34012.26666666667,776.4439086845443,0.9326223505198727,0.9606941877752921,0.9530998419784472,0.011292924637013035,7.951731996353692,21.04856125957652,0.19674037152209028,0.1444103920535953,2425.4,3,2
2024,DEPT-03,Transportation & Infrastructure,OPS,Operating Expenses,39742.1,41982.9,False,2240.8,5.64,0.0258,0.0224,116.06,4.93,3.31,4273.0,1629.8,34892.2,37413.0,0.20321733797238362,34195.933333333334,940.9079356309707,1.056383532827908,0.9326223505198727,0.943323342796705,-0.02620783956244299,9.8251579686403,25.759541047981347,0.22679790288555818,0.14318398029366286,2141.1,3,2
2025,DEPT-03,Transportation & Infrastructure,OPS,Operating Expenses,36065.7,33051.0,False,-3014.7,-8.36,0.0229,0.0211,118.71,4.52,3.94,4295.0,1683.2,41982.9,39742.1,-0.21275090572590272,37148.399999999994,4189.896155037742,0.9164108834709989,1.056383532827908,0.9832333570410244,0.0051486075356892425,7.69522700814901,19.635812737642585,0.18951804810917744,0.1293179166731241,3672.3,3,2
2026,DEPT-03,Transportation & Infrastructure,OPS,Operating Expenses,35010.2,16217.3,True,-18792.9,-53.68,0.033,0.0351,122.62,5.48,3.01,4367.0,1644.6,33051.0,36065.7,-0.5093249826026445,36642.03333333333,4716.052048412249,0.46321643406778595,0.9164108834709989,0.9684722556062599,0.016763678696158246,3.71360201511335,9.860938830110666,0.1686233489680758,0.12810790002291098,0.0,3,2
2019,DEPT-03,Transportation & Infrastructure,PERS,Personnel & Compensation,89869.7,91089.7,False,1220.0,1.36,0.0317,0.0265,103.17,4.65,4.63,4281.0,1667.8,,,,,,1.0135752094421144,,,-0.01969315319441267,21.27766876897921,54.61668065715313,0.5960611021899053,0.1453492895433511,0.0,4,2
2020,DEPT-03,Transportation & Infrastructure,PERS,Personnel & Compensation,90583.4,87787.3,False,-2796.1,-3.09,0.0046,0.0,103.64,4.28,3.12,4191.0,1671.0,91089.7,89869.7,-0.03625437343629401,91089.7,,0.9691323134260804,1.0135752094421144,1.0135752094421144,-0.021023125437981793,20.94662371748986,52.53578695391981,0.5473559444409459,0.1502122845966012,12736.6,4,2
2021,DEPT-03,Transportation & Infrastructure,PERS,Personnel & Compensation,98920.8,101990.5,False,3069.7,3.1,0.0278,0.0235,106.52,4.73,4.43,4214.0,1667.3,87787.3,90583.4,0.16179105633730617,89438.5,2335.1494341904504,1.03103189622405,0.9691323134260804,0.9913537614340975,0.005487950369840178,24.202776459420978,61.17105499910034,0.5913990964667571,0.15519530721653862,17489.5,4,2
2022,DEPT-03,Transportation & Infrastructure,PERS,Personnel & Compensation,102285.1,84429.8,False,-17855.3,-17.46,0.0288,0.0344,109.59,4.48,2.47,4339.0,1651.0,101990.5,98920.8,-0.1721797618405636,93622.5,7432.632739480674,0.8254359628137431,1.03103189622405,1.0045798063640816,0.02966302800189835,19.458354459552893,51.13858267716535,0.5301797516444529,0.13768385406025901,2945.4,4,2
2023,DEPT-03,Transportation & Infrastructure,PERS,Personnel & Compensation,106135.2,101011.0,False,-5124.2,-4.83,0.0324,0.0276,113.14,4.73,3.44,4388.0,1657.7,84429.8,102285.1,0.19639037401486203,91402.53333333333,9321.854974377859,0.9517200702500207,0.8254359628137431,0.9418667241546244,0.011292924637013035,23.01982680036463,60.93442721843518,0.5695525552363526,0.1444103920535953,2425.4,4,2
2024,DEPT-03,Transportation & Infrastructure,PERS,Personnel & Compensation,105778.9,103963.7,False,-1815.2,-1.72,0.0258,0.0224,116.06,4.93,3.31,4273.0,1629.8,101011.0,106135.2,0.02923146983991831,95810.43333333333,9868.078149433824,0.982839677856359,0.9517200702500207,0.9360626430959379,-0.02620783956244299,24.330376784460565,63.78923794330593,0.5616274515629769,0.14318398029366286,2141.1,4,2
2025,DEPT-03,Transportation & Infrastructure,PERS,Personnel & Compensation,111569.9,96994.6,False,-14575.3,-13.06,0.0229,0.0211,118.71,4.52,3.94,4295.0,1683.2,103963.7,105778.9,-0.06703397435835767,96468.16666666667,10529.544782341416,0.869361718528026,0.982839677856359,0.9199985703067076,0.0051486075356892425,22.583143189755532,57.62511882129278,0.5561776427076465,0.1293179166731241,3672.3,4,2
2026,DEPT-03,Transportation & Infrastructure,PERS,Personnel & Compensation,112010.9,57217.4,True,-54793.5,-48.92,0.033,0.0351,122.62,5.48,3.01,4367.0,1644.6,96994.6,111569.9,-0.4100970569495621,100656.43333333335,3498.053293380975,0.510819929131897,0.869361718528026,0.9346404888781352,0.016763678696158246,13.102221204488208,34.791073817341605,0.5949319311627694,0.12810790002291098,0.0,4,2
2019,DEPT-04,Education,CAP,Capital Outlay,25757.9,26428.6,False,670.7,2.6,0.0317,0.0265,103.17,4.65,4.63,83582.0,2250.7,,,,,,1.0260386133962782,,,,0.31619966021392165,11.742391256053672,0.1332884139855851,0.18858892316506978,0.0,0,3
2020,DEPT-04,Education,CAP,Capital Outlay,27061.6,24974.1,False,-2087.5,-7.71,0.0046,0.0,103.64,4.28,3.12,84424.0,2305.5,26428.6,25757.9,-0.055035075637756115,26428.6,,0.9228611759836817,1.0260386133962782,1.0260386133962782,0.010073939364934947,0.2958175400360087,10.832400780741704,0.12519513097461715,0.18682973850014273,14963.8,0,3
2021,DEPT-04,Education,CAP,Capital Outlay,28101.4,26856.4,False,-1245.0,-4.43,0.0278,0.0235,106.52,4.73,4.43,83950.0,2334.2,24974.1,27061.6,0.07537008340640905,25701.35,1028.4868132358333,0.9556961574868156,0.9228611759836817,0.97444989468998,-0.005614517198900826,0.31990946992257296,11.50561220118242,0.1218112117622086,0.1984083995525283,874.9,0,3
2022,DEPT-04,Education,CAP,Capital Outlay,30007.2,29802.9,False,-204.3,-0.68,0.0288,0.0344,109.59,4.48,2.47,86378.0,2335.3,26856.4,28101.4,0.10971314100177243,26086.36666666667,986.714783173606,0.9931916340078382,0.9556961574868156,0.9681986489555919,0.0289219773674807,0.34502882678459795,12.761914957393055,0.12580137810863792,0.20482526153210084,0.0,0,3
2023,DEPT-04,Education,CAP,Capital Outlay,27106.8,26095.7,False,-1011.1,-3.73,0.0324,0.0276,113.14,4.73,3.44,86678.0,2353.0,29802.9,30007.2,-0.12439057944025578,27211.13333333333,2433.8660939610745,0.9626993964614046,0.9931916340078382,0.9572496558261118,0.003473106578063767,0.301064860748979,11.090395240118998,0.11536014874627946,0.18419452823189109,0.0,0,3
2024,DEPT-04,Education,CAP,Capital Outlay,32617.6,31419.0,False,-1198.6,-3.67,0.0258,0.0224,116.06,4.93,3.31,88659.0,2369.5,26095.7,27106.8,0.20399146219492104,27585.0,1958.0542459288497,0.9632529677229472,0.9626993964614046,0.9705290626520195,0.022854703615680982,0.3543802659628464,13.259759442920448,0.13083656027980428,0.18574805346471715,0.0,0,3
2025,DEPT-04,Education,CAP,Capital Outlay,33113.9,30394.4,False,-2719.5,-8.21,0.0229,0.0211,118.71,4.52,3.94,91450.0,2370.1,31419.0,32617.6,-0.03261084057417485,29105.86666666667,2729.243910560823,0.9178743669576824,0.9632529677229472,0.9730479993973966,0.03148016557822664,0.3323608529250957,12.824100248934645,0.11370932412417402,0.19820845058975925,0.0,0,3
2026,DEPT-04,Education,CAP,Capital Outlay,33409.1,16550.0,True,-16859.1,-50.46,0.033,0.0351,122.62,5.48,3.01,90118.0,2457.5,30394.4,33113.9,-0.4554918011212592,29303.033333333336,2824.480770572414,0.4953740148642137,0.9178743669576824,0.9479422437140114,-0.014565336249316552,0.18364810581681795,6.734486266531028,0.11543148008266431,0.19098040312654846,0.0,0,3
2019,DEPT-04,Education,CONTR,Contracted Services,10831.3,10684.1,False,-147.2,-1.36,0.0317,0.0265,103.17,4.65,4.63,83582.0,2250.7,,,,,,0.9864097569082197,,,-0.07252713109478681,0.12782776195831638,4.74701204069845,0.05388354827207608,0.18858892316506978,0.0,1,3
2020,DEPT-04,Education,CONTR,Contracted Services,11610.3,10837.5,False,-772.8,-6.66,0.0046,0.0,103.64,4.28,3.12,84424.0,2305.5,10684.1,10831.3,0.014357783996780338,10684.1,,0.933438412444123,0.9864097569082197,0.9864097569082197,0.010073939364934947,0.12836989481663982,4.700715679895901,0.05432837347241396,0.18682973850014273,14963.8,1,3
2021,DEPT-04,Education,CONTR,Contracted Services,12694.3,11746.6,False,-947.7,-7.47,0.0278,0.0235,106.52,4.73,4.43,83950.0,2334.2,10837.5,11610.3,0.08388465974625148,10760.8,108.47018023401678,0.9253444459324265,0.933438412444123,0.9599240846761714,-0.005614517198900826,0.1399237641453246,5.032387970182504,0.05327845802438002,0.1984083995525283,874.9,1,3
2022,DEPT-04,Education,CONTR,Contracted Services,12309.7,11627.4,False,-682.3,-5.54,0.0288,0.0344,109.59,4.48,2.47,86378.0,2335.3,11746.6,12694.3,-0.010147617182844404,11089.4,574.2967612654635,0.9445721666653126,0.9253444459324265,0.9483975384282565,0.0289219773674807,0.13461066475259903,4.978974864043163,0.0490805573893942,0.20482526153210084,0.0,1,3
2023,DEPT-04,Education,CONTR,Contracted Services,12563.9,10870.8,False,-1693.1,-13.48,0.0324,0.0276,113.14,4.73,3.44,86678.0,2353.0,11627.4,12309.7,-0.06507043707105631,11403.833333333334,494.06704335882864,0.8652408885775913,0.9445721666653126,0.9344516750139541,0.003473106578063767,0.12541590715060338,4.6199745006374835,0.04805608222776376,0.18419452823189109,0.0,1,3
2024,DEPT-04,Education,CONTR,Contracted Services,13312.3,12743.0,False,-569.3,-4.28,0.0258,0.0224,116.06,4.93,3.31,88659.0,2369.5,10870.8,12563.9,0.1722228354858888,11414.933333333334,474.98734018217306,0.9572350382728755,0.8652408885775913,0.9117191670584434,0.022854703615680982,0.14373047293562977,5.377927832876134,0.05306503350347069,0.18574805346471715,0.0,1,3
2025,DEPT-04,Education,CONTR,Contracted Services,14774.1,13192.5,False,-1581.6,-10.71,0.0229,0.0211,118.71,4.52,3.94,91450.0,2370.1,12743.0,13312.3,0.03527426822569257,11747.066666666666,941.8191404581542,0.89294779377424,0.9572350382728755,0.9223493645052597,0.03148016557822664,0.14425915800984143,5.566220834563943,0.04935482386584916,0.19820845058975925,0.0,1,3
2026,DEPT-04,Education,CONTR,Contracted Services,12139.0,5952.3,True,-6186.7,-50.97,0.033,0.0351,122.62,5.48,3.01,90118.0,2457.5,13192.5,14774.1,-0.5488118249005116,12268.766666666665,1231.3592746771103,0.4903451684652772,0.89294779377424,0.9051412402082356,-0.014565336249316552,0.06605006768902993,2.4220956256358086,0.04151557697257056,0.19098040312654846,0.0,1,3
2019,DEPT-04,Education,GRANTS,Grants & Subsidies,13989.5,13482.2,False,-507.3,-3.63,0.0317,0.0265,103.17,4.65,4.63,83582.0,2250.7,,,,,,0.9637370885306837,,,-0.07252713109478681,0.16130506568399897,5.990225263251434,0.06799531776319805,0.18858892316506978,0.0,2,3
2020,DEPT-04,Education,GRANTS,Grants & Subsidies,16733.0,15451.7,False,-1281.3,-7.66,0.0046,0.0,103.64,4.28,3.12,84424.0,2305.5,13482.2,13989.5,0.14608150005192022,13482.2,,0.9234267614892727,0.9637370885306837,0.9637370885306837,0.010073939364934947,0.18302496920307024,6.702103665148558,0.07745935209999529,0.18682973850014273,14963.8,2,3
2021,DEPT-04,Education,GRANTS,Grants & Subsidies,17871.7,14947.0,False,-2924.7,-16.36,0.0278,0.0235,106.52,4.73,4.43,83950.0,2334.2,15451.7,16733.0,-0.0326630726716155,14466.95,1392.6468055469054,0.8363502073110001,0.9234267614892727,0.9435819250099782,-0.005614517198900826,0.17804645622394283,6.403478707908492,0.06779435003238453,0.1984083995525283,874.9,2,3
2022,DEPT-04,Education,GRANTS,Grants & Subsidies,18629.6,19931.5,False,1301.9,6.99,0.0288,0.0344,109.59,4.48,2.47,86378.0,2335.3,14947.0,17871.7,0.333478289957851,14626.966666666667,1023.0095617018118,1.069883411345386,0.8363502073110001,0.9078380191103189,0.0289219773674807,0.23074741253559936,8.534877745899884,0.08413309334904713,0.20482526153210084,0.0,2,3
2023,DEPT-04,Education,GRANTS,Grants & Subsidies,20124.1,17073.9,False,-3050.2,-15.16,0.0324,0.0276,113.14,4.73,3.44,86678.0,2353.0,19931.5,18629.6,-0.14337104583197446,16776.733333333334,2743.737426091158,0.8484304888168913,1.069883411345386,0.9432201267152195,0.003473106578063767,0.19698077943653525,7.2562260943476415,0.07547786201094821,0.18419452823189109,0.0,2,3
2024,DEPT-04,Education,GRANTS,Grants & Subsidies,20038.8,18936.1,False,-1102.7,-5.5,0.0258,0.0224,116.06,4.93,3.31,88659.0,2369.5,17073.9,20124.1,0.10906705556434071,17317.46666666667,2501.1604513372054,0.9449717547956963,0.8484304888168913,0.9182213691577591,0.022854703615680982,0.21358350534068735,7.991601603713863,0.07885464811465678,0.18574805346471715,0.0,2,3
2025,DEPT-04,Education,GRANTS,Grants & Subsidies,23541.0,22432.5,False,-1108.5,-4.71,0.0229,0.0211,118.71,4.52,3.94,91450.0,2370.1,18936.1,20038.8,0.18464203294236947,18647.166666666668,1450.5451710764924,0.952911940869122,0.9449717547956963,0.9544285516526578,0.03148016557822664,0.24529797703663203,9.464790515168136,0.0839228414910488,0.19820845058975925,0.0,2,3
2026,DEPT-04,Education,GRANTS,Grants & Subsidies,23224.1,11871.3,True,-11352.8,-48.88,0.033,0.0351,122.62,5.48,3.01,90118.0,2457.5,22432.5,23541.0,-0.47079906385824144,19480.833333333332,2720.514527315253,0.5111629729462067,0.952911940869122,0.9154380614939033,-0.014565336249316552,0.13173061985396922,4.830640895218718,0.08279889604261828,0.19098040312654846,0.0,2,3
2019,DEPT-04,Education,OPS,Operating Expenses,42518.0,38078.8,False,-4439.2,-10.44,0.0317,0.0265,103.17,4.65,4.63,83582.0,2250.7,,,,,,0.8955924549602522,,,-0.07252713109478681,0.4555861309851404,16.918647531878975,0.1920443329754243,0.18858892316506978,0.0,3,3
2020,DEPT-04,Education,OPS,Operating Expenses,45219.9,43249.8,False,-1970.1,-4.36,0.0046,0.0,103.64,4.28,3.12,84424.0,2305.5,38078.8,42518.0,0.1357973465550384,38078.8,,0.9564328979055682,0.8955924549602522,0.8955924549602522,0.010073939364934947,0.5122927129726145,18.759401431359795,0.21681119141935037,0.18682973850014273,14963.8,3,3
2021,DEPT-04,Education,OPS,Operating Expenses,46516.1,41758.3,False,-4757.8,-10.23,0.0278,0.0235,106.52,4.73,4.43,83950.0,2334.2,43249.8,45219.9,-0.034485708604432896,40664.3,3656.449165515637,0.8977171344975181,0.9564328979055682,0.9260126764329102,-0.005614517198900826,0.4974187016081001,17.88976951418045,0.18940100401132826,0.1984083995525283,874.9,3,3
2022,DEPT-04,Education,OPS,Operating Expenses,48008.6,45572.9,False,-2435.7,-5.07,0.0288,0.0344,109.59,4.48,2.47,86378.0,2335.3,41758.3,46516.1,0.09134950417042842,41028.96666666667,2661.532562891789,0.9492653399599239,0.8977171344975181,0.9165808291211128,0.0289219773674807,0.5275984625714881,19.514794673061274,0.19236831396968568,0.20482526153210084,0.0,3,3
2023,DEPT-04,Education,OPS,Operating Expenses,51816.0,50431.5,False,-1384.5,-2.67,0.0324,0.0276,113.14,4.73,3.44,86678.0,2353.0,45572.9,48008.6,0.10661160470367248,43527.0,1922.348347724732,0.973280453913849,0.9492653399599239,0.93447179078767,0.003473106578063767,0.5818258381596253,21.432851678708033,0.22294038257253082,0.18419452823189109,0.0,3,3
2024,DEPT-04,Education,OPS,Operating Expenses,47097.0,49970.9,False,2873.9,6.1,0.0258,0.0224,116.06,4.93,3.31,88659.0,2369.5,50431.5,51816.0,-0.009133180650982009,45920.9,4347.059645323492,1.0610208718177379,0.973280453913849,0.9400876427904303,0.022854703615680982,0.5636303138993222,21.089217134416543,0.20809130367249343,0.18574805346471715,0.0,3,3
2025,DEPT-04,Education,OPS,Operating Expenses,53457.4,53820.3,False,362.9,0.68,0.0229,0.0211,118.71,4.52,3.94,91450.0,2370.1,49970.9,47097.0,0.07703283310886944,48658.43333333333,2682.056124195271,1.0067885830586598,1.0610208718177379,0.9945222218971702,0.03148016557822664,0.5885215965008201,22.708029197080293,0.20134860162267665,0.19820845058975925,0.0,3,3
2026,DEPT-04,Education,OPS,Operating Expenses,56251.6,25434.6,True,-30817.0,-54.78,0.033,0.0351,122.62,5.48,3.01,90118.0,2457.5,53820.3,53457.4,-0.5274162351380427,51407.56666666667,2102.1416920211113,0.452157805289094,1.0067885830586598,1.0136966362634157,-0.014565336249316552,0.2822366230941654,10.349786368260427,0.17739900442963946,0.19098040312654846,0.0,3,3
2019,DEPT-04,Education,PERS,Personnel & Compensation,126257.1,109607.6,False,-16649.5,-13.19,0.0317,0.0265,103.17,4.65,4.63,83582.0,2250.7,,,,,,0.8681301883220824,,,-0.07252713109478681,1.3113780479050514,48.699337983738396,0.5527883870037165,0.18858892316506978,0.0,4,3
2020,DEPT-04,Education,PERS,Personnel & Compensation,119651.2,104968.3,False,-14682.9,-12.27,0.0046,0.0,103.64,4.28,3.12,84424.0,2305.5,109607.6,126257.1,-0.04232644451662115,109607.6,,0.8772858107565993,0.8681301883220824,0.8681301883220824,0.010073939364934947,1.2433466786695726,45.52951637388853,0.5262059520336232,0.18682973850014273,14963.8,4,3
2021,DEPT-04,Education,PERS,Personnel & Compensation,137024.1,125167.3,False,-11856.8,-8.65,0.0278,0.0235,106.52,4.73,4.43,83950.0,2334.2,104968.3,119651.2,0.1924295239610434,107287.95000000001,3280.480489958757,0.9134692364335909,0.8772858107565993,0.8727079995393409,-0.005614517198900826,1.49097438951757,53.6232113786308,0.5677149761696986,0.1984083995525283,874.9,4,3
2022,DEPT-04,Education,PERS,Personnel & Compensation,140146.3,129969.7,False,-10176.6,-7.26,0.0288,0.0344,109.59,4.48,2.47,86378.0,2335.3,125167.3,137024.1,0.03836784847160546,113247.73333333334,10580.067498051858,0.9273858817535676,0.9134692364335909,0.8862950785040908,0.0289219773674807,1.5046620667299544,55.65439129876247,0.548616657183235,0.20482526153210084,0.0,4,3
2023,DEPT-04,Education,PERS,Personnel & Compensation,139764.8,121738.8,False,-18026.0,-12.9,0.0324,0.0276,113.14,4.73,3.44,86678.0,2353.0,129969.7,140146.3,-0.06332937600071398,120035.09999999999,13267.33236638021,0.8710261811271508,0.9273858817535676,0.906046976314586,0.003473106578063767,1.4044947968342603,51.73769655758606,0.5381655244424778,0.18419452823189109,0.0,4,3
2024,DEPT-04,Education,PERS,Personnel & Compensation,152202.8,127070.3,False,-25132.5,-16.51,0.0258,0.0224,116.06,4.93,3.31,88659.0,2369.5,121738.8,139764.8,0.043794583156725686,125625.26666666668,4134.516755720454,0.8348749168872058,0.8710261811271508,0.9039604331047698,0.022854703615680982,1.4332476116355926,53.627474150664696,0.5291524544295749,0.18574805346471715,0.0,4,3
2025,DEPT-04,Education,PERS,Personnel & Compensation,148731.6,147459.4,False,-1272.2,-0.86,0.0229,0.0211,118.71,4.52,3.94,91450.0,2370.1,127070.3,152202.8,0.1604552755443247,126259.59999999999,4174.907731914545,0.9914463368914205,0.8348749168872058,0.8777623265893081,0.03148016557822664,1.6124592673592126,62.21653094806126,0.5516644088962515,0.19820845058975925,0.0,4,3
2026,DEPT-04,Education,PERS,Personnel & Compensation,160959.7,83566.9,True,-77392.8,-48.08,0.033,0.0351,122.62,5.48,3.01,90118.0,2457.5,147459.4,148731.6,-0.4332887560915072,132089.5,13575.035637890593,0.5191790243147818,0.9914463368914205,0.899115811635259,-0.014565336249316552,0.9273053108147096,34.00484231943031,0.5828550424725075,0.19098040312654846,0.0,4,3
2019,DEPT-05,Administration & Finance,CAP,Capital Outlay,9198.3,8171.7,False,-1026.6,-11.16,0.0317,0.0265,103.17,4.65,4.63,1461466.0,792.2,,,,,,0.8883924203385408,,,,0.005591440375622834,10.315198182277202,0.11006293967192712,0.070616425314121,0.0,0,4
2020,DEPT-05,Administration & Finance,CAP,Capital Outlay,9545.6,8940.4,False,-605.2,-6.34,0.0046,0.0,103.64,4.28,3.12,1488772.0,802.5,8171.7,9198.3,0.09406855366692368,8171.7,,0.9365990613476365,0.8883924203385408,0.8883924203385408,0.018683978963588643,0.006005217723063034,11.140685358255451,0.11915639977182703,0.07027213937468109,0.0,0,4
2021,DEPT-05,Administration & Finance,CAP,Capital Outlay,10472.7,9405.8,False,-1066.9,-10.19,0.0278,0.0235,106.52,4.73,4.43,1507033.0,811.9,8940.4,9545.6,0.05205583642790024,8556.05,543.5529826980993,0.898125602757646,0.9365990613476365,0.9124957408430887,0.01226581370418045,0.00624127009826593,11.584924251755142,0.1270920092206497,0.06660042722370912,0.0,0,4
2022,DEPT-05,Administration & Finance,CAP,Capital Outlay,9603.7,8726.1,False,-877.6,-9.14,0.0288,0.0344,109.59,4.48,2.47,1535976.0,823.8,9405.8,10472.7,-0.07226392226073264,8839.300000000001,623.230783899512,0.9086185532659288,0.898125602757646,0.9077056948146077,0.019205286148345824,0.005681143455366491,10.592498179169702,0.11127618008018528,0.06779979303435857,0.0,0,4
2023,DEPT-05,Administration & Finance,CAP,Capital Outlay,10100.7,10227.6,False,126.9,1.26,0.0324,0.0276,113.14,4.73,3.44,1494274.0,856.9,8726.1,9603.7,0.17206999690583413,9024.1,347.49430211156,1.012563485699011,0.9086185532659288,0.914447739123737,-0.027150163804642746,0.0068445278442909405,11.93558174816198,0.1258570873060017,0.0661697720948881,0.0,0,4
2024,DEPT-05,Administration & Finance,CAP,Capital Outlay,10264.5,9551.2,False,-713.3,-6.95,0.0258,0.0224,116.06,4.93,3.31,1519758.0,874.7,10227.6,10100.7,-0.0661347725761664,9453.166666666666,751.869844676149,0.9305080617662819,1.012563485699011,0.9397692139075285,0.017054435799592316,0.0062846847985008145,10.919400937464273,0.1152393661303984,0.06410886813791249,0.0,0,4
2025,DEPT-05,Administration & Finance,CAP,Capital Outlay,11450.7,11718.6,False,267.9,2.34,0.0229,0.0211,118.71,4.52,3.94,1508265.0,879.0,9551.2,10264.5,0.22692436552475082,9501.633333333333,751.9761986481599,1.0233959495926013,0.9305080617662819,0.9505633669104072,-0.007562388222335348,0.007769589561516047,13.331740614334471,0.13862948618153167,0.06268228027540464,0.0,0,4
2026,DEPT-05,Administration & Finance,CAP,Capital Outlay,10222.5,5149.5,True,-5073.0,-49.63,0.033,0.0351,122.62,5.48,3.01,1518150.0,908.9,11718.6,11450.7,-0.5605703753008039,10499.133333333335,1108.9199490194696,0.5037417461482024,1.0233959495926013,0.9888224990192981,0.006553888076697323,0.0033919573164707044,5.665639784354715,0.12122032461953132,0.05658543927793141,0.0,0,4
2019,DEPT-05,Administration & Finance,CONTR,Contracted Services,3742.4,3580.4,False,-162.0,-4.33,0.0317,0.0265,103.17,4.65,4.63,1461466.0,792.2,,,,,,0.9567122702009406,,,-0.03733754899054775,0.0024498688303388515,4.519565766220651,0.04822366817202882,0.070616425314121,0.0,1,4
2020,DEPT-05,Administration & Finance,CONTR,Contracted Services,3717.9,3726.8,False,8.9,0.24,0.0046,0.0,103.64,4.28,3.12,1488772.0,802.5,3580.4,3742.4,0.04088928611328346,3580.4,,1.0023938244708035,0.9567122702009406,0.9567122702009406,0.018683978963588643,0.002503271152332258,4.64398753894081,0.04967026874296956,0.07027213937468109,0.0,1,4
2021,DEPT-05,Administration & Finance,CONTR,Contracted Services,4081.0,3499.1,False,-581.9,-14.26,0.0278,0.0235,106.52,4.73,4.43,1507033.0,811.9,3726.8,3717.9,-0.06109799291617479,3653.6000000000004,103.52043276571045,0.8574123989218329,1.0023938244708035,0.979553047335872,0.01226581370418045,0.00232184696685474,4.309767212710925,0.04728015155159321,0.06660042722370912,0.0,1,4
2022,DEPT-05,Administration & Finance,CONTR,Contracted Services,4169.6,4031.6,False,-138.0,-3.31,0.0288,0.0344,109.59,4.48,2.47,1535976.0,823.8,3499.1,4081.0,0.15218198965448249,3602.1,115.39059753723458,0.9669033000767459,0.8574123989218329,0.9388394978645257,0.019205286148345824,0.0026247805955301384,4.893906287933965,0.051411403446129995,0.06779979303435857,0.0,1,4
2023,DEPT-05,Administration & Finance,CONTR,Contracted Services,4246.9,3904.7,False,-342.2,-8.06,0.0324,0.0276,113.14,4.73,3.44,1494274.0,856.9,4031.6,4169.6,-0.0314763369381883,3752.5,267.1786480989823,0.9194235795521439,0.9669033000767459,0.9422365078231274,-0.027150163804642746,0.00261310843928222,4.5567744194188355,0.0480498033559921,0.0661697720948881,0.0,1,4
2024,DEPT-05,Administration & Finance,CONTR,Contracted Services,4071.8,4245.4,False,173.6,4.26,0.0258,0.0224,116.06,4.93,3.31,1519758.0,874.7,3904.7,4246.9,0.0872538223166952,3811.7999999999997,278.14001869561986,1.042634707009185,0.9194235795521439,0.9145797595169075,0.017054435799592316,0.0027934710657881055,4.853549788498913,0.05122259035199695,0.06410886813791249,0.0,1,4
2025,DEPT-05,Administration & Finance,CONTR,Contracted Services,4288.3,4291.0,False,2.7,0.06,0.0229,0.0211,118.71,4.52,3.94,1508265.0,879.0,4245.4,4071.8,0.01074103735808185,4060.566666666667,172.18717528704843,1.0006296201291887,1.042634707009185,0.9763205288793584,-0.007562388222335348,0.0028449907675375348,4.881683731513083,0.05076196177059994,0.06268228027540464,0.0,1,4
2026,DEPT-05,Administration & Finance,CONTR,Contracted Services,4423.6,2394.0,True,-2029.6,-45.88,0.033,0.0351,122.62,5.48,3.01,1518150.0,908.9,4291.0,4288.3,-0.44208809135399674,4147.033333333333,211.10168955584567,0.5411881725291617,1.0006296201291887,0.987562635563506,0.006553888076697323,0.0015769192767513091,2.633953130157333,0.05635526888807806,0.05658543927793141,0.0,1,4
2019,DEPT-05,Administration & Finance,GRANTS,Grants & Subsidies,5899.4,5393.9,False,-505.5,-8.57,0.0317,0.0265,103.17,4.65,4.63,1461466.0,792.2,,,,,,0.914313319998644,,,-0.03733754899054775,0.0036907461412034213,6.8087604140368585,0.07264932514610274,0.070616425314121,0.0,2,4
2020,DEPT-05,Administration & Finance,GRANTS,Grants & Subsidies,6382.4,6060.1,False,-322.3,-5.05,0.0046,0.0,103.64,4.28,3.12,1488772.0,802.5,5393.9,5899.4,0.12350989080257335,5393.9,,0.9495017548257709,0.914313319998644,0.914313319998644,0.018683978963588643,0.004070535985362433,7.5515264797507795,0.08076816454042873,0.07027213937468109,0.0,2,4
2021,DEPT-05,Administration & Finance,GRANTS,Grants & Subsidies,6526.1,5735.7,False,-790.4,-12.11,0.0278,0.0235,106.52,4.73,4.43,1507033.0,811.9,6060.1,6382.4,-0.05353046979422793,5727.0,471.0745376264785,0.8788863180153537,0.9495017548257709,0.9319075374122074,0.01226581370418045,0.0038059551449769182,7.064539967976351,0.07750129040452493,0.06660042722370912,0.0,2,4
2022,DEPT-05,Administration & Finance,GRANTS,Grants & Subsidies,6387.0,6247.4,False,-139.6,-2.19,0.0288,0.0344,109.59,4.48,2.47,1535976.0,823.8,5735.7,6526.1,0.08921317363181469,5729.900000000001,333.1378693574182,0.978143103178331,0.8788863180153537,0.9142337976132562,0.019205286148345824,0.004067381261165539,7.583636805049769,0.07966752700896729,0.06779979303435857,0.0,2,4
2023,DEPT-05,Administration & Finance,GRANTS,Grants & Subsidies,7534.6,6849.0,False,-685.6,-9.1,0.0324,0.0276,113.14,4.73,3.44,1494274.0,856.9,6247.4,6387.0,0.09629605916061079,6014.400000000001,258.89300878934574,0.9090064502428795,0.978143103178331,0.9355103920064852,-0.027150163804642746,0.004583496734869241,7.992764616641382,0.08428127722621198,0.0661697720948881,0.0,2,4
2024,DEPT-05,Administration & Finance,GRANTS,Grants & Subsidies,6620.5,6396.9,False,-223.6,-3.38,0.0258,0.0224,116.06,4.93,3.31,1519758.0,874.7,6849.0,7534.6,-0.0660096364432764,6277.366666666666,557.25463060735,0.9662261158522769,0.9090064502428795,0.9220119571455214,0.017054435799592316,0.004209156984204064,7.31325025723105,0.07718137000581554,0.06410886813791249,0.0,2,4
2025,DEPT-05,Administration & Finance,GRANTS,Grants & Subsidies,6794.6,6495.4,False,-299.2,-4.4,0.0229,0.0211,118.71,4.52,3.94,1508265.0,879.0,6396.9,6620.5,0.015398083446669375,6497.766666666666,313.2270795019717,0.9559650310540723,0.9662261158522769,0.9511252230911625,-0.007562388222335348,0.004306537644246866,7.389533560864619,0.07683972185615354,0.06268228027540464,0.0,2,4
2026,DEPT-05,Administration & Finance,GRANTS,Grants & Subsidies,6538.4,3436.9,True,-3101.5,-47.44,0.033,0.0351,122.62,5.48,3.01,1518150.0,908.9,6495.4,6794.6,-0.4708716938140838,6580.433333333333,237.74272509024257,0.5256484766915454,0.9559650310540723,0.9437325323830762,0.006553888076697323,0.0022638737937621446,3.7813840906590386,0.08090535657536987,0.05658543927793141,0.0,2,4
2019,DEPT-05,Administration & Finance,OPS,Operating Expenses,15705.3,14694.6,False,-1010.7,-6.44,0.0317,0.0265,103.17,4.65,4.63,1461466.0,792.2,,,,,,0.9356459284445379,,,-0.03733754899054775,0.010054698501367806,18.549103761676342,0.19791853265576323,0.070616425314121,0.0,3,4
2020,DEPT-05,Administration & Finance,OPS,Operating Expenses,15689.7,15178.6,False,-511.1,-3.26,0.0046,0.0,103.64,4.28,3.12,1488772.0,802.5,14694.6,15705.3,0.032937269473139796,14694.6,,0.967424488677285,0.9356459284445379,0.9356459284445379,0.018683978963588643,0.010195382503163682,18.914143302180687,0.20229825618279426,0.07027213937468109,0.0,3,4
2021,DEPT-05,Administration & Finance,OPS,Operating Expenses,15973.2,15585.4,False,-387.8,-2.43,0.0278,0.0235,106.52,4.73,4.43,1507033.0,811.9,15178.6,15689.7,0.02680089072773506,14936.6,342.239682094289,0.9757218340720707,0.967424488677285,0.9515352085609114,0.01226581370418045,0.010341777519138598,19.196206429363222,0.21059131605047035,0.06660042722370912,0.0,3,4
2022,DEPT-05,Administration & Finance,OPS,Operating Expenses,16543.1,15976.8,False,-566.3,-3.42,0.0288,0.0344,109.59,4.48,2.47,1535976.0,823.8,15585.4,15973.2,0.025113247013230255,15152.866666666667,445.95718778077,0.9657682054753947,0.9757218340720707,0.9595974170646312,0.019205286148345824,0.010401725026953546,19.39402767662054,0.2037378982483703,0.06779979303435857,0.0,3,4
2023,DEPT-05,Administration & Finance,OPS,Operating Expenses,16135.4,15743.2,False,-392.2,-2.43,0.0324,0.0276,113.14,4.73,3.44,1494274.0,856.9,15976.8,16543.1,-0.014621200741074425,15580.266666666668,399.1247591083932,0.9756931963260905,0.9657682054753947,0.9696381760749168,-0.027150163804642746,0.01053568488777828,18.372272143774072,0.19373003411121337,0.0661697720948881,0.0,3,4
2024,DEPT-05,Administration & Finance,OPS,Operating Expenses,19089.2,16095.2,False,-2994.0,-15.68,0.0258,0.0224,116.06,4.93,3.31,1519758.0,874.7,15743.2,16135.4,0.02235885969815543,15768.466666666667,196.91950978339696,0.8431573874232551,0.9756931963260905,0.9723944119578519,0.017054435799592316,0.010590633508756,18.400823139362068,0.1941955613684132,0.06410886813791249,0.0,3,4
2025,DEPT-05,Administration & Finance,OPS,Operating Expenses,16540.8,15225.4,False,-1315.4,-7.95,0.0229,0.0211,118.71,4.52,3.94,1508265.0,879.0,16095.2,19089.2,-0.05404095630995587,15938.4,179.11426520520533,0.9204754304507642,0.8431573874232551,0.9282062630749134,-0.007562388222335348,0.010094645171770212,17.32127417519909,0.18011446579866983,0.06268228027540464,0.0,3,4
2026,DEPT-05,Administration & Finance,OPS,Operating Expenses,17965.2,8464.1,True,-9501.1,-52.89,0.033,0.0351,122.62,5.48,3.01,1518150.0,908.9,15225.4,16540.8,-0.44408028688901435,15687.933333333334,437.5257859067677,0.47113864582637544,0.9204754304507642,0.9131086714000366,0.006553888076697323,0.005575272535651945,9.312465617779734,0.1992467131978202,0.05658543927793141,0.0,3,4
2019,DEPT-05,Administration & Finance,PERS,Personnel & Compensation,43814.8,42405.1,False,-1409.7,-3.22,0.0317,0.0265,103.17,4.65,4.63,1461466.0,792.2,,,,,,0.9678259400933017,,,-0.03733754899054775,0.029015454345157534,53.52827568795758,0.5711455343541781,0.070616425314121,0.0,4,4
2020,DEPT-05,Administration & Finance,PERS,Personnel & Compensation,42094.3,41124.9,False,-969.4,-2.3,0.0046,0.0,103.64,4.28,3.12,1488772.0,802.5,42405.1,43814.8,-0.030189764910352745,42405.1,,0.9769707537600102,0.9678259400933017,0.9678259400933017,0.018683978963588643,0.027623370133237325,51.24598130841122,0.5481069107619804,0.07027213937468109,0.0,4,4
2021,DEPT-05,Administration & Finance,PERS,Personnel & Compensation,45094.8,39781.8,False,-5313.0,-11.78,0.0278,0.0235,106.52,4.73,4.43,1507033.0,811.9,41124.9,42094.3,-0.032659045979443024,41765.0,905.2381012750161,0.8821815375608718,0.9769707537600102,0.9723983469266559,0.01226581370418045,0.026397431244040443,48.99839881758838,0.5375352327727618,0.06660042722370912,0.0,4,4
2022,DEPT-05,Administration & Finance,PERS,Personnel & Compensation,44294.5,43436.5,False,-858.0,-1.94,0.0288,0.0344,109.59,4.48,2.47,1535976.0,823.8,39781.8,45094.8,0.09186864345001977,41103.933333333334,1311.7756756905228,0.9806296492792559,0.8821815375608718,0.9423260771380613,0.019205286148345824,0.028279413219998228,52.72699684389415,0.5539069912163472,0.06779979303435857,0.0,4,4
2023,DEPT-05,Administration & Finance,PERS,Personnel & Compensation,46283.2,44539.1,False,-1744.1,-3.77,0.0324,0.0276,113.14,4.73,3.44,1494274.0,856.9,43436.5,44294.5,0.0253841815063367,41447.73333333334,1848.6140871835103,0.9623167801707747,0.9806296492792559,0.9465939802000459,-0.027150163804642746,0.029806514735583968,51.977010152876645,0.5480817980005808,0.0661697720948881,0.0,4,4
2024,DEPT-05,Administration & Finance,PERS,Personnel & Compensation,45654.6,46592.7,False,938.1,2.05,0.0258,0.0224,116.06,4.93,3.31,1519758.0,874.7,44539.1,46283.2,0.04610780190888453,42585.799999999996,2490.1292516654576,1.0205477651759078,0.9623167801707747,0.9417093223369676,0.017054435799592316,0.03065797317730849,53.26706299302617,0.5621611121433759,0.06410886813791249,0.0,4,4
2025,DEPT-05,Administration & Finance,PERS,Personnel & Compensation,48210.9,46801.4,False,-1409.5,-2.92,0.0229,0.0211,118.71,4.52,3.94,1508265.0,879.0,46592.7,45654.6,0.004479242456436383,44856.1,1601.8009739040504,0.9707638729001118,1.0205477651759078,0.9878313982086461,-0.007562388222335348,0.031029958263302536,53.24391353811149,0.5536543643930449,0.06268228027540464,0.0,4,4
2026,DEPT-05,Administration & Finance,PERS,Personnel & Compensation,46700.2,23036.0,True,-23664.2,-50.67,0.033,0.0351,122.62,5.48,3.01,1518150.0,908.9,46801.4,48210.9,-0.5077925019337028,45977.73333333334,1250.2553032614217,0.49327411874039084,0.9707638729001118,0.9845428060822649,0.006553888076697323,0.01517373118598294,25.34492243371108,0.5422723367192006,0.05658543927793141,0.0,4,4
2019,DEPT-06,Environment & Natural Resources,CAP,Capital Outlay,7818.9,5615.7,False,-2203.2,-28.18,0.0317,0.0265,103.17,4.65,4.63,12541.0,644.4,,,,,,0.7182212331657906,,,,0.44778725779443423,8.714618249534452,0.09160592990858492,0.05830619952059846,0.0,0,5
2020,DEPT-06,Environment & Natural Resources,CAP,Capital Outlay,7298.2,5806.8,False,-1491.4,-20.44,0.0046,0.0,103.64,4.28,3.12,12566.0,645.9,5615.7,7818.9,0.03402959559805541,5615.7,,0.795648242032282,0.7182212331657906,0.7182212331657906,0.0019934614464556244,0.4621040904026739,8.990246168137483,0.10235258657613783,0.05313511737560568,0.0,0,5
2021,DEPT-06,Environment & Natural Resources,CAP,Capital Outlay,7772.3,5143.9,False,-2628.4,-33.82,0.0278,0.0235,106.52,4.73,4.43,12693.0,664.1,5806.8,7298.2,-0.11415926155541789,5711.25,135.1281058847495,0.6618246850996486,0.795648242032282,0.7569347375990363,0.010106636956867643,0.4052548648861577,7.745670832705917,0.08767961545673035,0.05279507381564298,2951.5,0,5
2022,DEPT-06,Environment & Natural Resources,CAP,Capital Outlay,8094.9,6212.3,False,-1882.6,-23.26,0.0288,0.0344,109.59,4.48,2.47,12403.0,657.0,5143.9,7772.3,0.20770232702813063,5522.133333333334,341.21128840255784,0.7674338163535066,0.6618246850996486,0.7252313867659071,-0.022847238635468337,0.5008707570749013,9.455555555555556,0.1018663667012108,0.0527268704569559,4779.1,0,5
2023,DEPT-06,Environment & Natural Resources,CAP,Capital Outlay,8449.3,5875.2,False,-2574.1,-30.47,0.0324,0.0276,113.14,4.73,3.44,12106.0,652.2,6212.3,8094.9,-0.05426331632406678,5721.0,539.3429984712884,0.6953475435834922,0.7674338163535066,0.7416355811618125,-0.02394581955978392,0.4853130679002148,9.008279668813246,0.0941007636717749,0.05083854216031233,6524.2,0,5
2024,DEPT-06,Environment & Natural Resources,CAP,Capital Outlay,7353.8,4786.0,False,-2567.8,-34.92,0.0258,0.0224,116.06,4.93,3.31,12092.0,642.3,5875.2,8449.3,-0.1853894335511982,5743.8,546.1859664985911,0.6508199842258424,0.6953475435834922,0.7082020150122158,-0.001156451346439824,0.39579887528944757,7.451346722715242,0.0720665915784782,0.05136883812451623,0.0,0,5
2025,DEPT-06,Environment & Natural Resources,CAP,Capital Outlay,9469.7,7858.7,False,-1611.0,-17.01,0.0229,0.0211,118.71,4.52,3.94,12095.0,628.6,4786.0,7353.8,0.6420183869619724,5624.5,745.4668268943963,0.8298784544388945,0.6508199842258424,0.7045337813876137,0.00024809791597757425,0.6497478296816867,12.501909004136175,0.1127248055677479,0.05169587439548259,0.0,0,5
2026,DEPT-06,Environment & Natural Resources,CAP,Capital Outlay,9301.4,4057.0,True,-5244.4,-56.38,0.033,0.0351,122.62,5.48,3.01,12031.0,645.6,7858.7,9469.7,-0.4837568554595544,6173.3,1557.8892868236815,0.43617089900445094,0.8298784544388945,0.7253486607494096,-0.00529144274493587,0.3372122018119857,6.284076827757125,0.10668062078286798,0.05065642599489565,0.0,0,5
2019,DEPT-06,Environment & Natural Resources,CONTR,Contracted Services,3045.6,2910.7,False,-134.9,-4.43,0.0317,0.0265,103.17,4.65,4.63,12541.0,644.4,,,,,,0.9557065931179406,,,0.042390491230986704,0.23209472928793556,4.516914959652389,0.04748070234964797,0.05830619952059846,0.0,1,5
2020,DEPT-06,Environment & Natural Resources,CONTR,Contracted Services,3288.9,2941.8,False,-347.1,-10.55,0.0046,0.0,103.64,4.28,3.12,12566.0,645.9,2910.7,3045.6,0.010684715017006408,2910.7,,0.8944631943811001,0.9557065931179406,0.9557065931179406,0.0019934614464556244,0.23410791023396468,4.554575011611705,0.051853144449556084,0.05313511737560568,0.0,1,5
2021,DEPT-06,Environment & Natural Resources,CONTR,Contracted Services,3253.4,2687.2,False,-566.2,-17.4,0.0278,0.0235,106.52,4.73,4.43,12693.0,664.1,2941.8,3288.9,-0.08654565232170797,2926.25,21.991020894901887,0.825966681010635,0.8944631943811001,0.9250848937495204,0.010106636956867643,0.21170724021113999,4.046378557446167,0.04580428520292498,0.05279507381564298,2951.5,1,5
2022,DEPT-06,Environment & Natural Resources,CONTR,Contracted Services,2904.1,2403.6,False,-500.5,-17.23,0.0288,0.0344,109.59,4.48,2.47,12403.0,657.0,2687.2,3253.4,-0.10553736231021138,2846.566666666667,138.8888164444257,0.8276574498123342,0.825966681010635,0.8920454895032252,-0.022847238635468337,0.19379182455857452,3.658447488584475,0.0394130996576196,0.0527268704569559,4779.1,1,5
2023,DEPT-06,Environment & Natural Resources,CONTR,Contracted Services,3732.0,3720.0,False,-12.0,-0.32,0.0324,0.0276,113.14,4.73,3.44,12106.0,652.2,2403.6,2904.1,0.5476784822765852,2677.5333333333333,269.23018651951605,0.9967845659163987,0.8276574498123342,0.8493624417346898,-0.02394581955978392,0.30728564348257065,5.703771849126035,0.059581774383681,0.05083854216031233,6524.2,1,5
2024,DEPT-06,Environment & Natural Resources,CONTR,Contracted Services,3751.7,3781.6,False,29.9,0.8,0.0258,0.0224,116.06,4.93,3.31,12092.0,642.3,3720.0,3732.0,0.016559139784946275,2936.933333333333,692.821978096346,1.0079697203934217,0.9967845659163987,0.8834695655797894,-0.001156451346439824,0.3127356930201786,5.887591468161296,0.05694254548958904,0.05136883812451623,0.0,1,5
2025,DEPT-06,Environment & Natural Resources,CONTR,Contracted Services,3626.1,3212.3,False,-413.8,-11.41,0.0229,0.0211,118.71,4.52,3.94,12095.0,628.6,3781.6,3751.7,-0.15054474296594023,3301.7333333333336,778.4158614348337,0.8858829044979455,1.0079697203934217,0.9441372453740516,0.00024809791597757425,0.2655890863993386,5.110244988864142,0.046077072916039116,0.05169587439548259,0.0,1,5
2026,DEPT-06,Environment & Natural Resources,CONTR,Contracted Services,3778.5,2091.9,True,-1686.6,-44.64,0.033,0.0351,122.62,5.48,3.01,12031.0,645.6,3212.3,3626.1,-0.34878436011580494,3571.2999999999997,312.4250150036023,0.5536323938070663,0.8858829044979455,0.9635457302692553,-0.00529144274493587,0.17387582079627628,3.2402416356877324,0.05500744161096415,0.05065642599489565,0.0,1,5
2019,DEPT-06,Environment & Natural Resources,GRANTS,Grants & Subsidies,4868.9,4941.5,False,72.6,1.49,0.0317,0.0265,103.17,4.65,4.63,12541.0,644.4,,,,,,1.014910965515825,,,0.042390491230986704,0.3940275895064189,7.668373680943514,0.08060806357947761,0.05830619952059846,0.0,2,5
2020,DEPT-06,Environment & Natural Resources,GRANTS,Grants & Subsidies,5000.8,4686.5,False,-314.3,-6.28,0.0046,0.0,103.64,4.28,3.12,12566.0,645.9,4941.5,4868.9,-0.05160376403925937,4941.5,,0.9371500559910414,1.014910965515825,1.014910965515825,0.0019934614464556244,0.3729508196721312,7.255767146617123,0.08260580646639627,0.05313511737560568,0.0,2,5
2021,DEPT-06,Environment & Natural Resources,GRANTS,Grants & Subsidies,5368.9,4772.4,False,-596.5,-11.11,0.0278,0.0235,106.52,4.73,4.43,12693.0,664.1,4686.5,5000.8,0.018329243571961973,4814.0,180.31222920256963,0.8888971670174524,0.9371500559910414,0.9760305107534333,0.010106636956867643,0.3759867643583077,7.186267128444511,0.08134726507235754,0.05279507381564298,2951.5,2,5
2022,DEPT-06,Environment & Natural Resources,GRANTS,Grants & Subsidies,5261.8,4987.7,False,-274.1,-5.21,0.0288,0.0344,109.59,4.48,2.47,12403.0,657.0,4772.4,5368.9,0.0451135696923981,4800.133333333333,129.7424500051288,0.9479075601505188,0.8888971670174524,0.9469860628414396,-0.022847238635468337,0.40213657985971135,7.591628614916286,0.08178595322113051,0.0527268704569559,4779.1,2,5
2023,DEPT-06,Environment & Natural Resources,GRANTS,Grants & Subsidies,5521.4,4909.9,False,-611.5,-11.08,0.0324,0.0276,113.14,4.73,3.44,12106.0,652.2,4987.7,5261.8,-0.015598371995108051,4815.533333333333,155.16353738341155,0.8892491034882457,0.9479075601505188,0.9246515943863375,-0.02394581955978392,0.40557574756319176,7.528212204845138,0.07863993388345036,0.05083854216031233,6524.2,2,5
2024,DEPT-06,Environment & Natural Resources,GRANTS,Grants & Subsidies,5643.2,4943.5,False,-699.7,-12.4,0.0258,0.0224,116.06,4.93,3.31,12092.0,642.3,4909.9,5521.4,0.00684331656449233,4890.0,109.02077783615438,0.8760100652112277,0.8892491034882457,0.908684610218739,-0.001156451346439824,0.4088240158782666,7.696559240230423,0.07443819378775741,0.05136883812451623,0.0,2,5
2025,DEPT-06,Environment & Natural Resources,GRANTS,Grants & Subsidies,5998.6,5713.3,False,-285.3,-4.76,0.0229,0.0211,118.71,4.52,3.94,12095.0,628.6,4943.5,5643.2,0.15571963183978976,4947.033333333333,39.0201657266282,0.9524389024105624,0.8760100652112277,0.9043889096166641,0.00024809791597757425,0.47236874741628776,9.08892777601018,0.08195129368091594,0.05169587439548259,0.0,2,5
2026,DEPT-06,Environment & Natural Resources,GRANTS,Grants & Subsidies,5972.7,2916.3,True,-3056.4,-51.17,0.033,0.0351,122.62,5.48,3.01,12031.0,645.6,5713.3,5998.6,-0.4895594490049533,5188.9,454.45435414351647,0.48827163594354317,0.9524389024105624,0.9058993570366786,-0.00529144274493587,0.2423988030920123,4.517193308550186,0.07668540655387673,0.05065642599489565,0.0,2,5
2019,DEPT-06,Environment & Natural Resources,OPS,Operating Expenses,12327.2,11972.9,False,-354.3,-2.87,0.0317,0.0265,103.17,4.65,4.63,12541.0,644.4,,,,,,0.9712586799922123,,,0.042390491230986704,0.9547005820907424,18.57991930477964,0.19530755528295607,0.05830619952059846,0.0,3,5
2020,DEPT-06,Environment & Natural Resources,OPS,Operating Expenses,12230.7,10907.5,False,-1323.2,-10.82,0.0046,0.0,103.64,4.28,3.12,12566.0,645.9,11972.9,12327.2,-0.08898428952050041,11972.9,,0.8918132241000106,0.9712586799922123,0.9712586799922123,0.0019934614464556244,0.8680168709215343,16.887289054033133,0.19225921989378372,0.05313511737560568,0.0,3,5
2021,DEPT-06,Environment & Natural Resources,OPS,Operating Expenses,13430.6,12616.7,False,-813.9,-6.06,0.0278,0.0235,106.52,4.73,4.43,12693.0,664.1,10907.5,12230.7,0.15669951867980747,11440.2,753.3515646761481,0.9393995800634373,0.8918132241000106,0.9315359520461115,0.010106636956867643,0.9939888127314268,18.998193043216382,0.21505616445361106,0.05279507381564298,2951.5,3,5
2022,DEPT-06,Environment & Natural Resources,OPS,Operating Expenses,15710.1,13888.1,False,-1822.0,-11.6,0.0288,0.0344,109.59,4.48,2.47,12403.0,657.0,12616.7,13430.6,0.10077120007608964,11832.366666666667,863.222667295834,0.884023653573179,0.9393995800634373,0.9341571613852201,-0.022847238635468337,1.119737160364428,21.138660578386606,0.22773051645655967,0.0527268704569559,4779.1,3,5
2023,DEPT-06,Environment & Natural Resources,OPS,Operating Expenses,13851.9,14265.8,False,413.9,2.99,0.0324,0.0276,113.14,4.73,3.44,12106.0,652.2,13888.1,15710.1,0.02719594472966058,12470.766666666668,1495.6491879225337,1.029880377421148,0.884023653573179,0.9050788192455422,-0.02394581955978392,1.1784074012886172,21.87335173259736,0.2284896981190098,0.05083854216031233,6524.2,3,5
2024,DEPT-06,Environment & Natural Resources,OPS,Operating Expenses,14763.8,14424.2,False,-339.6,-2.3,0.0258,0.0224,116.06,4.93,3.31,12092.0,642.3,14265.8,13851.9,0.011103478248678744,13590.199999999999,863.9681764972607,0.9769977918963954,1.029880377421148,0.9511012036859214,-0.001156451346439824,1.192871319880913,22.45710727074576,0.21719660055292211,0.05136883812451623,0.0,3,5
2025,DEPT-06,Environment & Natural Resources,OPS,Operating Expenses,13845.4,13056.5,False,-788.9,-5.7,0.0229,0.0211,118.71,4.52,3.94,12095.0,628.6,14424.2,14763.8,-0.09481981669693995,14192.700000000003,275.42423640632234,0.9430207866872752,0.9769977918963954,0.963633940963574,0.00024809791597757425,1.0794956593633733,20.77076041998091,0.1872817926495859,0.05169587439548259,0.0,3,5
2026,DEPT-06,Environment & Natural Resources,OPS,Operating Expenses,15141.9,7794.5,True,-7347.4,-48.52,0.033,0.0351,122.62,5.48,3.01,12031.0,645.6,13056.5,13845.4,-0.40301765404204803,13915.5,748.1199034914152,0.5147636690243629,0.9430207866872752,0.9832996520016062,-0.00529144274493587,0.6478680076469121,12.073265179677819,0.2049598468553277,0.05065642599489565,0.0,3,5
2019,DEPT-06,Environment & Natural Resources,PERS,Personnel & Compensation,37380.2,35862.0,False,-1518.2,-4.06,0.0317,0.0265,103.17,4.65,4.63,12541.0,644.4,,,,,,0.9593849150084806,,,0.042390491230986704,2.8595805757116657,55.65176908752328,0.5849977488793334,0.05830619952059846,0.0,4,5
2020,DEPT-06,Environment & Natural Resources,PERS,Personnel & Compensation,36043.2,32390.7,False,-3652.5,-10.13,0.0046,0.0,103.64,4.28,3.12,12566.0,645.9,35862.0,37380.2,-0.09679605153086834,35862.0,,0.8986632707417767,0.9593849150084806,0.9593849150084806,0.0019934614464556244,2.577646028967054,50.14816535067348,0.570929242614126,0.05313511737560568,0.0,4,5
2021,DEPT-06,Environment & Natural Resources,PERS,Personnel & Compensation,35607.6,33446.8,False,-2160.8,-6.07,0.0278,0.0235,106.52,4.73,4.43,12693.0,664.1,32390.7,36043.2,0.03260503786580715,34126.35,2454.5797695328606,0.9393163257282154,0.8986632707417767,0.9290240928751285,0.010106636956867643,2.6350586937682188,50.36410179189881,0.5701126698143761,0.05279507381564298,2951.5,4,5
2022,DEPT-06,Environment & Natural Resources,PERS,Personnel & Compensation,35103.3,33493.1,False,-1610.2,-4.59,0.0288,0.0344,109.59,4.48,2.47,12403.0,657.0,33446.8,35607.6,0.0013842878840426565,33899.833333333336,1779.441014288849,0.9541296687206045,0.9393163257282154,0.932454837159491,-0.022847238635468337,2.700403128275417,50.97884322678843,0.5492040639634794,0.0527268704569559,4779.1,4,5
2023,DEPT-06,Environment & Natural Resources,PERS,Personnel & Compensation,39745.0,33664.3,False,-6080.7,-15.3,0.0324,0.0276,113.14,4.73,3.44,12106.0,652.2,33493.1,35103.3,0.005111500577731132,33110.200000000004,623.5351714217876,0.8470071707132973,0.9541296687206045,0.9307030883968656,-0.02394581955978392,2.7807946472823395,51.61652867218645,0.539187829942084,0.05083854216031233,6524.2,4,5
2024,DEPT-06,Environment & Natural Resources,PERS,Personnel & Compensation,39990.0,38475.5,False,-1514.5,-3.79,0.0258,0.0224,116.06,4.93,3.31,12092.0,642.3,33664.3,39745.0,0.14291697733206976,33534.73333333334,114.57121511678048,0.962128032008002,0.8470071707132973,0.9134843883873724,-0.001156451346439824,3.1818971220641745,59.90269344543049,0.5793560685912532,0.05136883812451623,0.0,4,5
2025,DEPT-06,Environment & Natural Resources,PERS,Personnel & Compensation,41967.5,39875.0,False,-2092.5,-4.99,0.0229,0.0211,118.71,4.52,3.94,12095.0,628.6,38475.5,39990.0,0.03637379631193882,35210.96666666667,2828.4643843141,0.950139989277417,0.962128032008002,0.9210882904806347,0.00024809791597757425,3.2968168664737494,63.43461660833598,0.5719650351857111,0.05169587439548259,0.0,4,5
2026,DEPT-06,Environment & Natural Resources,PERS,Personnel & Compensation,39775.0,21169.7,True,-18605.3,-46.78,0.033,0.0351,122.62,5.48,3.01,12031.0,645.6,39875.0,41967.5,-0.4690984326018809,37338.26666666666,3257.786574245361,0.5322363293526085,0.950139989277417,0.9197583973329054,-0.00529144274493587,1.7595960435541518,32.79073729863693,0.5566666841969634,0.05065642599489565,0.0,4,5
2019,DEPT-07,Information Technology,CAP,Capital Outlay,12478.9,11338.3,False,-1140.6,-9.14,0.0317,0.0265,103.17,4.65,4.63,19585.0,1050.8,,,,,,0.9085977129394417,,,,0.5789277508297166,10.790159878188048,0.12231967549140181,0.0881629364133833,0.0,0,6
2020,DEPT-07,Information Technology,CAP,Capital Outlay,13941.3,13380.8,False,-560.5,-4.02,0.0046,0.0,103.64,4.28,3.12,20759.0,1077.0,11338.3,12478.9,0.18014164380903663,11338.3,,0.95979571489029,0.9085977129394417,0.9085977129394417,0.059943834567270926,0.6445782552146057,12.42414113277623,0.13725628976783738,0.09130476073448633,0.0,0,6
2021,DEPT-07,Information Technology,CAP,Capital Outlay,14641.9,14386.6,False,-255.3,-1.74,0.0278,0.0235,106.52,4.73,4.43,21947.0,1128.0,13380.8,13941.3,0.07516740404161193,12359.55,1444.2656005735232,0.9825637383126508,0.95979571489029,0.9341967139148659,0.057228190182571526,0.655515560213241,12.754078014184397,0.13037635017630794,0.09930220007521455,0.0,0,6
2022,DEPT-07,Information Technology,CAP,Capital Outlay,14608.8,13793.6,False,-815.2,-5.58,0.0288,0.0344,109.59,4.48,2.47,24084.0,1197.5,14386.6,14641.9,-0.04121891204315131,13035.233333333332,1553.2531871312333,0.9441980176332074,0.9825637383126508,0.9503190553807942,0.0973709390805122,0.5727287825942534,11.51866388308977,0.11617022961003436,0.10265808797051333,0.0,0,6
2023,DEPT-07,Information Technology,CAP,Capital Outlay,16530.2,15515.2,False,-1015.0,-6.14,0.0324,0.0276,113.14,4.73,3.44,26314.0,1241.7,13793.6,14608.8,0.12481150678575581,13853.666666666666,505.5832407559923,0.9385972341532468,0.9441980176332074,0.9621858236120495,0.09259259259259256,0.5896176940031922,12.495127647579931,0.12338808252699353,0.10238768980828715,19121.0,0,6
2024,DEPT-07,Information Technology,CAP,Capital Outlay,18085.8,17949.6,False,-136.2,-0.75,0.0258,0.0224,116.06,4.93,3.31,28432.0,1295.3,15515.2,16530.2,0.15690419717438364,14565.133333333333,874.5754703473731,0.9924692300036493,0.9385972341532468,0.9551196633663683,0.08048947328418343,0.6313168261114237,13.857484752566972,0.13505840747916706,0.1028002525017545,3243.8,0,6
2025,DEPT-07,Information Technology,CAP,Capital Outlay,18450.2,17709.5,False,-740.7,-4.01,0.0229,0.0211,118.71,4.52,3.94,30593.0,1397.1,17949.6,18085.8,-0.013376342648304007,15752.800000000001,2088.1629055224566,0.9598540937225613,0.9924692300036493,0.9584214939300345,0.07600590883511527,0.5788742522799333,12.675900078734522,0.10597206231883712,0.12391948038215429,0.0,0,6
2026,DEPT-07,Information Technology,CAP,Capital Outlay,20655.4,10605.9,True,-10049.5,-48.65,0.033,0.0351,122.62,5.48,3.01,31962.0,1459.2,17709.5,18450.2,-0.40111804398769024,17058.100000000002,1341.5727002290946,0.5134686328998712,0.9598540937225613,0.963640185959819,0.04474879874481097,0.33182842125023465,7.26829769736842,0.11631265874425889,0.12146065440130432,0.0,0,6
2019,DEPT-07,Information Technology,CONTR,Contracted Services,5203.7,5286.7,False,83.0,1.6,0.0317,0.0265,103.17,4.65,4.63,19585.0,1050.8,,,,,,1.0159501892883909,,,-0.3872410988048307,0.26993617564462596,5.03111914731633,0.057033896476578846,0.0881629364133833,0.0,1,6
2020,DEPT-07,Information Technology,CONTR,Contracted Services,5373.0,5500.2,False,127.2,2.37,0.0046,0.0,103.64,4.28,3.12,20759.0,1077.0,5286.7,5203.7,0.040384360754345705,5286.7,,1.0236739251814628,1.0159501892883909,1.0159501892883909,0.059943834567270926,0.2649549592947637,5.106963788300836,0.05641942521979696,0.09130476073448633,0.0,1,6
2021,DEPT-07,Information Technology,CONTR,Contracted Services,5895.1,6140.1,False,245.0,4.16,0.0278,0.0235,106.52,4.73,4.43,21947.0,1128.0,5500.2,5373.0,0.11634122395549262,5393.45,150.9672977833279,1.0415599396108632,1.0236739251814628,1.019812057234927,0.057228190182571526,0.279769444571012,5.4433510638297875,0.055643712045761226,0.09930220007521455,0.0,1,6
2022,DEPT-07,Information Technology,CONTR,Contracted Services,6354.5,6593.9,False,239.4,3.77,0.0288,0.0344,109.59,4.48,2.47,24084.0,1197.5,6140.1,5895.1,0.0739075910815783,5642.333333333333,444.09942955754144,1.037674089228106,1.0415599396108632,1.0270613513602391,0.0973709390805122,0.2737875768144826,5.506388308977035,0.05553407935749952,0.10265808797051333,0.0,1,6
2023,DEPT-07,Information Technology,CONTR,Contracted Services,6623.2,6983.8,False,360.6,5.44,0.0324,0.0276,113.14,4.73,3.44,26314.0,1241.7,6593.9,6354.5,0.05913040840777084,6078.066666666666,549.4825050293537,1.0544449812779322,1.037674089228106,1.034302651340144,0.09259259259259256,0.26540244736642093,5.62438592252557,0.05554022447354964,0.10238768980828715,19121.0,1,6
2024,DEPT-07,Information Technology,CONTR,Contracted Services,7062.0,7380.7,False,318.7,4.51,0.0258,0.0224,116.06,4.93,3.31,28432.0,1295.3,6983.8,6623.2,0.05683152438500527,6572.599999999999,422.2531112970042,1.0451288586802605,1.0544449812779322,1.044559670038967,0.08048947328418343,0.25959130557118737,5.698062224967189,0.05553469648802693,0.1028002525017545,3243.8,1,6
2025,DEPT-07,Information Technology,CONTR,Contracted Services,8405.4,8336.9,False,-68.5,-0.81,0.0229,0.0211,118.71,4.52,3.94,30593.0,1397.1,7380.7,7062.0,0.12955410733399275,6986.133333333334,393.4051897641075,0.9918504770742618,1.0451288586802605,1.0457493097287662,0.07600590883511527,0.27251005131892914,5.967289385154964,0.049887263126904384,0.12391948038215429,0.0,1,6
2026,DEPT-07,Information Technology,CONTR,Contracted Services,8666.1,5246.3,True,-3419.8,-39.46,0.033,0.0351,122.62,5.48,3.01,31962.0,1459.2,8336.9,8405.4,-0.3707133346927515,7567.133333333334,695.5486635263798,0.6053818903543693,0.9918504770742618,1.0304747723441514,0.04474879874481097,0.16414179337963833,3.595326206140351,0.057535060821807246,0.12146065440130432,0.0,1,6
2019,DEPT-07,Information Technology,GRANTS,Grants & Subsidies,8338.6,7940.0,False,-398.6,-4.78,0.0317,0.0265,103.17,4.65,4.63,19585.0,1050.8,,,,,,0.9521982107308181,,,-0.3872410988048307,0.4054123053357161,7.556147696992768,0.08565818715342956,0.0881629364133833,0.0,2,6
2020,DEPT-07,Information Technology,GRANTS,Grants & Subsidies,9417.3,8673.4,False,-743.9,-7.9,0.0046,0.0,103.64,4.28,3.12,20759.0,1077.0,7940.0,8338.6,0.09236775818639797,7940.0,,0.9210070827094815,0.9521982107308181,0.9521982107308181,0.059943834567270926,0.41781396021002937,8.053296193129063,0.0889691725212514,0.09130476073448633,0.0,2,6
2021,DEPT-07,Information Technology,GRANTS,Grants & Subsidies,9348.4,8618.4,False,-730.0,-7.81,0.0278,0.0235,106.52,4.73,4.43,21947.0,1128.0,8673.4,9417.3,-0.006341227200405863,8306.7,518.592113322213,0.9219117709982457,0.9210070827094815,0.9366026467201498,0.057228190182571526,0.39269148402970794,7.640425531914893,0.07810292469099665,0.09930220007521455,0.0,2,6
2022,DEPT-07,Information Technology,GRANTS,Grants & Subsidies,10048.8,8771.5,False,-1277.3,-12.71,0.0288,0.0344,109.59,4.48,2.47,24084.0,1197.5,8618.4,9348.4,0.017764318202914797,8410.6,408.478298077143,0.8728902953586498,0.9219117709982457,0.9317056881461818,0.0973709390805122,0.36420445108785915,7.3248434237995825,0.07387391029349961,0.10265808797051333,0.0,2,6
2023,DEPT-07,Information Technology,GRANTS,Grants & Subsidies,11218.7,9922.3,False,-1296.4,-11.56,0.0324,0.0276,113.14,4.73,3.44,26314.0,1241.7,8771.5,10048.8,0.13119762868380547,8687.766666666666,77.55451845851395,0.8844429390214551,0.8728902953586498,0.905269716355459,0.09259259259259256,0.37707304096678573,7.99089957316582,0.07890929999339923,0.10238768980828715,19121.0,2,6
2024,DEPT-07,Information Technology,GRANTS,Grants & Subsidies,11713.1,11290.8,False,-422.3,-3.61,0.0258,0.0224,116.06,4.93,3.31,28432.0,1295.3,9922.3,11218.7,0.13792165123005762,9104.066666666668,712.733641224637,0.9639463506672016,0.8844429390214551,0.8930816684594501,0.08048947328418343,0.3971159257175014,8.716745155562418,0.08495551249976487,0.1028002525017545,3243.8,2,6
2025,DEPT-07,Information Technology,GRANTS,Grants & Subsidies,13139.1,12999.5,False,-139.6,-1.06,0.0229,0.0211,118.71,4.52,3.94,30593.0,1397.1,11290.8,11713.1,0.15133560066602914,9994.866666666667,1261.2166995934228,0.9893752235693464,0.9639463506672016,0.9070931950157689,0.07600590883511527,0.42491746477952475,9.304631021401475,0.077787844044932,0.12391948038215429,0.0,2,6
2026,DEPT-07,Information Technology,GRANTS,Grants & Subsidies,14091.8,7331.0,True,-6760.8,-47.98,0.033,0.0351,122.62,5.48,3.01,31962.0,1459.2,12999.5,13139.1,-0.43605523289357284,11404.199999999999,1541.7310498267832,0.5202316240650592,0.9893752235693464,0.9459215044193344,0.04474879874481097,0.22936612227019587,5.023985745614035,0.08039752413790079,0.12146065440130432,0.0,2,6
2019,DEPT-07,Information Technology,OPS,Operating Expenses,17653.5,16084.2,False,-1569.3,-8.89,0.0317,0.0265,103.17,4.65,4.63,19585.0,1050.8,,,,,,0.9111054465120232,,,-0.3872410988048307,0.8212509573653306,15.306623524933386,0.17351932163894104,0.0881629364133833,0.0,3,6
2020,DEPT-07,Information Technology,OPS,Operating Expenses,22185.0,20723.5,False,-1461.5,-6.59,0.0046,0.0,103.64,4.28,3.12,20759.0,1077.0,16084.2,17653.5,0.2884383432188109,16084.2,,0.9341221546089701,0.9111054465120232,0.9111054465120232,0.059943834567270926,0.998289898357339,19.241875580315693,0.21257553517007788,0.09130476073448633,0.0,3,6
2021,DEPT-07,Information Technology,OPS,Operating Expenses,25738.7,24363.0,False,-1375.7,-5.34,0.0278,0.0235,106.52,4.73,4.43,21947.0,1128.0,20723.5,22185.0,0.17562187854368227,18403.85,3280.4804899587507,0.9465513021248159,0.9341221546089701,0.9226138005604967,0.057228190182571526,1.1100833826946734,21.59840425531915,0.220785941038563,0.09930220007521455,0.0,3,6
2022,DEPT-07,Information Technology,OPS,Operating Expenses,23836.7,21236.1,False,-2600.6,-10.91,0.0288,0.0344,109.59,4.48,2.47,24084.0,1197.5,24363.0,25738.7,-0.1283462627755203,20390.233333333334,4149.449645836582,0.8908993275075827,0.9465513021248159,0.930592967748603,0.0973709390805122,0.881751370204285,17.73369519832985,0.17885125079904088,0.10265808797051333,0.0,3,6
2023,DEPT-07,Information Technology,OPS,Operating Expenses,25692.4,24135.0,False,-1557.4,-6.06,0.0324,0.0276,113.14,4.73,3.44,26314.0,1241.7,21236.1,23836.7,0.13650811589698675,22107.533333333336,1970.0347974930144,0.9393828525166975,0.8908993275075827,0.9238575947471229,0.09259259259259256,0.9171923690810975,19.437062092292823,0.1919389612630832,0.10238768980828715,19121.0,3,6
2024,DEPT-07,Information Technology,OPS,Operating Expenses,29093.7,26754.0,False,-2339.7,-8.04,0.0258,0.0224,116.06,4.93,3.31,28432.0,1295.3,24135.0,25692.4,0.10851460534493484,23244.7,1743.23018273549,0.9195805277431196,0.9393828525166975,0.9256111607163654,0.08048947328418343,0.9409819921215532,20.654674592758436,0.20130546829442636,0.1028002525017545,3243.8,3,6
2025,DEPT-07,Information Technology,OPS,Operating Expenses,31843.9,30044.6,False,-1799.3,-5.65,0.0229,0.0211,118.71,4.52,3.94,30593.0,1397.1,26754.0,29093.7,0.12299469238244742,24041.7,2760.1329261468563,0.9434962426084744,0.9195805277431196,0.9166209025891332,0.07600590883511527,0.9820743307292518,21.504974590222606,0.17978419625311462,0.12391948038215429,0.0,3,6
2026,DEPT-07,Information Technology,OPS,Operating Expenses,33454.1,16807.2,True,-16646.9,-49.76,0.033,0.0351,122.62,5.48,3.01,31962.0,1459.2,30044.6,31843.9,-0.4405916537414377,26977.866666666665,2961.153534238529,0.5023958199443417,0.9434962426084744,0.9341532076227638,0.04474879874481097,0.5258494462173832,11.518092105263158,0.18432100227670525,0.12146065440130432,0.0,3,6
2019,DEPT-07,Information Technology,PERS,Personnel & Compensation,56322.8,52044.8,False,-4278.0,-7.6,0.0317,0.0265,103.17,4.65,4.63,19585.0,1050.8,,,,,,0.9240449693552167,,,-0.3872410988048307,2.657380648455451,49.52874000761325,0.5614689192396488,0.0881629364133833,0.0,4,6
2020,DEPT-07,Information Technology,PERS,Personnel & Compensation,58105.3,49209.8,False,-8895.5,-15.31,0.0046,0.0,103.64,4.28,3.12,20759.0,1077.0,52044.8,56322.8,-0.05447230078701426,52044.8,,0.846907252866778,0.9240449693552167,0.9240449693552167,0.059943834567270926,2.370528445493521,45.69155060352832,0.5047795773210364,0.09130476073448633,0.0,4,6
2021,DEPT-07,Information Technology,PERS,Personnel & Compensation,60352.4,56838.6,False,-3513.8,-5.82,0.0278,0.0235,106.52,4.73,4.43,21947.0,1128.0,49209.8,58105.3,0.1550260314002494,50627.3,2004.6477246638622,0.9417786202371404,0.846907252866778,0.8854761111109974,0.057228190182571526,2.5898118193830593,50.388829787234044,0.5150910720483712,0.09930220007521455,0.0,4,6
2022,DEPT-07,Information Technology,PERS,Personnel & Compensation,71096.1,68341.0,False,-2755.1,-3.88,0.0288,0.0344,109.59,4.48,2.47,24084.0,1197.5,56838.6,60352.4,0.2023695164905539,52697.73333333334,3856.084648102698,0.9612482259927055,0.9417786202371404,0.904243614153045,0.0973709390805122,2.83761003155622,57.069728601252606,0.5755705299399255,0.10265808797051333,0.0,4,6
2023,DEPT-07,Information Technology,PERS,Personnel & Compensation,73357.1,69186.8,False,-4170.3,-5.68,0.0324,0.0276,113.14,4.73,3.44,26314.0,1241.7,68341.0,71096.1,0.012376172429434895,58129.80000000001,9630.737325874896,0.9431506970695406,0.9612482259927055,0.9166446996988746,0.09259259259259256,2.629277190848978,55.719416928404605,0.5502234317429744,0.10238768980828715,19121.0,4,6
2024,DEPT-07,Information Technology,PERS,Personnel & Compensation,81337.6,69527.4,False,-11810.2,-14.52,0.0258,0.0224,116.06,4.93,3.31,28432.0,1295.3,69186.8,73357.1,0.004922904369041303,64788.80000000001,6898.05077105119,0.8548002399874104,0.9431506970695406,0.9487258477664621,0.08048947328418343,2.4453925154755205,53.67667721763298,0.5231459152386148,0.1028002525017545,3243.8,4,6
2025,DEPT-07,Information Technology,PERS,Personnel & Compensation,93981.7,98024.3,False,4042.6,4.3,0.0229,0.0211,118.71,4.52,3.94,30593.0,1397.1,69527.4,81337.6,0.40986575076876175,69018.40000000001,610.8642729771038,1.0430147571282495,0.8548002399874104,0.9197330543498855,0.07600590883511527,3.204141470270977,70.16269415217236,0.586568634256212,0.12391948038215429,0.0,4,6
2026,DEPT-07,Information Technology,PERS,Personnel & Compensation,100501.6,51194.0,True,-49307.6,-49.06,0.033,0.0351,122.62,5.48,3.01,31962.0,1459.2,98024.3,93981.7,-0.47774174362887567,78912.83333333333,16551.891756029974,0.5093849252151209,1.0430147571282495,0.9469885647284002,0.04474879874481097,1.6017145360115137,35.08360745614035,0.5614337540193279,0.12146065440130432,0.0,4,6
2019,DEPT-08,Parks & Recreation,CAP,Capital Outlay,5030.2,4851.8,False,-178.4,-3.55,0.0317,0.0265,103.17,4.65,4.63,2213893.0,419.4,,,,,,0.9645342133513579,,,,0.002191524161285121,11.568431092036244,0.12166791215074202,0.037928114878320617,0.0,0,7
2020,DEPT-08,Parks & Recreation,CAP,Capital Outlay,5301.5,5091.6,False,-209.9,-3.96,0.0046,0.0,103.64,4.28,3.12,2251806.0,423.6,4851.8,5030.2,0.049424955686549366,4851.8,,0.960407431858908,0.9645342133513579,0.9645342133513579,0.017125037208211902,0.0022611184089570773,12.019830028328611,0.13465139157754438,0.03541498238860163,0.0,0,7
2021,DEPT-08,Parks & Recreation,CAP,Capital Outlay,5077.6,4508.5,False,-569.1,-11.21,0.0278,0.0235,106.52,4.73,4.43,2309305.0,421.1,5091.6,5301.5,-0.11452195773430751,4971.700000000001,169.5642061285339,0.887919489522609,0.960407431858908,0.962470822605133,0.02553461532654233,0.0019523189877473958,10.706483020660174,0.11914231276409636,0.03405379901443556,6700.4,0,7
2022,DEPT-08,Parks & Recreation,CAP,Capital Outlay,4975.4,5044.8,False,69.4,1.39,0.0288,0.0344,109.59,4.48,2.47,2406078.0,432.9,4508.5,5077.6,0.11895308861040266,4817.3,293.0769352917423,1.0139486272460507,0.887919489522609,0.9376203782442917,0.0419056815795229,0.002096690132240102,11.653499653499654,0.1227487067686004,0.03553345355174154,19499.6,0,7
2023,DEPT-08,Parks & Recreation,CAP,Capital Outlay,5267.2,4852.4,False,-414.8,-7.88,0.0324,0.0276,113.14,4.73,3.44,2502724.0,435.0,5044.8,4975.4,-0.038138281002220165,4881.633333333334,323.98907903405245,0.9212484811664641,1.0139486272460507,0.9540918495425226,0.040167442618235905,0.001938847431838269,11.154942528735631,0.11798804654940159,0.03348745663653575,0.0,0,7
2024,DEPT-08,Parks & Recreation,CAP,Capital Outlay,5335.0,4452.6,False,-882.4,-16.54,0.0258,0.0224,116.06,4.93,3.31,2582136.0,437.0,4852.4,5267.2,-0.08239221828373577,4801.9,271.6930437092566,0.8346016869728211,0.9212484811664641,0.9410388659783746,0.03173022674493864,0.0017243863220217683,10.189016018306637,0.10937388694150563,0.03148915934102952,0.0,0,7
2025,DEPT-08,Parks & Recreation,CAP,Capital Outlay,5532.9,4936.8,False,-596.1,-10.77,0.0229,0.0211,118.71,4.52,3.94,2642424.0,458.9,4452.6,5335.0,0.10874545209540498,4783.266666666667,302.0923258431654,0.892262647074771,0.8346016869728211,0.9232662651284453,0.02334811179581564,0.0018682845750719794,10.757899324471563,0.1324703760947965,0.027634488742456206,0.0,0,7
2026,DEPT-08,Parks & Recreation,CAP,Capital Outlay,5209.9,2721.0,True,-2488.9,-47.77,0.033,0.0351,122.62,5.48,3.01,2726754.0,459.0,4936.8,5532.9,-0.44883325230918814,4747.266666666666,258.6545443894871,0.5222748997101673,0.892262647074771,0.8827042717380187,0.031913879074667806,0.0009978897986397013,5.928104575163399,0.11853368473786238,0.03057748970338283,0.0,0,7
2019,DEPT-08,Parks & Recreation,CONTR,Contracted Services,2106.2,2020.2,False,-86.0,-4.08,0.0317,0.0265,103.17,4.65,4.63,2213893.0,419.4,,,,,,0.959168170164277,,,-0.18808480706363684,0.0009125102252005856,4.816881258941345,0.05066027373901007,0.037928114878320617,0.0,1,7
2020,DEPT-08,Parks & Recreation,CONTR,Contracted Services,1715.5,1495.5,False,-220.0,-12.82,0.0046,0.0,103.64,4.28,3.12,2251806.0,423.6,2020.2,2106.2,-0.25972675972675974,2020.2,,0.8717575051005537,0.959168170164277,0.959168170164277,0.017125037208211902,0.0006641335887727451,3.5304532577903682,0.03954968106375552,0.03541498238860163,0.0,1,7
2021,DEPT-08,Parks & Recreation,CONTR,Contracted Services,2101.4,1814.5,False,-286.9,-13.65,0.0278,0.0235,106.52,4.73,4.43,2309305.0,421.1,1495.5,1715.5,0.21330658642594447,1757.85,371.01892808858145,0.8634719710669078,0.8717575051005537,0.9154628376324154,0.02553461532654233,0.0007857342360580347,4.308952742816433,0.04795025540877295,0.03405379901443556,6700.4,1,7
2022,DEPT-08,Parks & Recreation,CONTR,Contracted Services,2143.7,2028.1,False,-115.6,-5.39,0.0288,0.0344,109.59,4.48,2.47,2406078.0,432.9,1814.5,2101.4,0.11771837971893073,1776.7333333333333,264.3809057654,0.9460745440126884,0.8634719710669078,0.8981325487772462,0.0419056815795229,0.0008429070046773213,4.684915684915685,0.049347179709284504,0.03553345355174154,19499.6,1,7
2023,DEPT-08,Parks & Recreation,CONTR,Contracted Services,2121.8,1883.6,False,-238.2,-11.23,0.0324,0.0276,113.14,4.73,3.44,2502724.0,435.0,2028.1,2143.7,-0.0712489522212909,1779.3666666666668,268.0325602111305,0.8877368272221697,0.9460745440126884,0.8937680067267166,0.040167442618235905,0.0007526199453075928,4.330114942528735,0.0458004872806143,0.03348745663653575,0.0,1,7
2024,DEPT-08,Parks & Recreation,CONTR,Contracted Services,2186.7,2185.3,False,-1.4,-0.06,0.0258,0.0224,116.06,4.93,3.31,2582136.0,437.0,1883.6,2121.8,0.1601720110426843,1908.7333333333333,108.99542803867203,0.999359765857228,0.8877368272221697,0.8990944474339219,0.03173022674493864,0.0008463148339204442,5.000686498855836,0.05367981743998389,0.03148915934102952,0.0,1,7
2025,DEPT-08,Parks & Recreation,CONTR,Contracted Services,2165.3,1977.2,False,-188.1,-8.69,0.0229,0.0211,118.71,4.52,3.94,2642424.0,458.9,2185.3,2186.7,-0.09522719992678352,2032.3333333333333,150.89454374937958,0.9131298203482195,0.999359765857228,0.9443903790306954,0.02334811179581564,0.0007482523622249873,4.30856395728917,0.05305469689163662,0.027634488742456206,0.0,1,7
2026,DEPT-08,Parks & Recreation,CONTR,Contracted Services,2283.2,1154.3,True,-1128.9,-49.44,0.033,0.0351,122.62,5.48,3.01,2726754.0,459.0,1977.2,2165.3,-0.4161946186526402,2015.3666666666666,154.4287645917477,0.505562368605466,0.9131298203482195,0.9334088044758723,0.031913879074667806,0.0004233238495295138,2.5148148148148146,0.05028424560562828,0.03057748970338283,0.0,1,7
2019,DEPT-08,Parks & Recreation,GRANTS,Grants & Subsidies,3484.9,3213.9,False,-271.0,-7.78,0.0317,0.0265,103.17,4.65,4.63,2213893.0,419.4,,,,,,0.9222359321644811,,,-0.18808480706363684,0.0014516961750183953,7.663090128755366,0.0805945222105754,0.037928114878320617,0.0,2,7
2020,DEPT-08,Parks & Recreation,GRANTS,Grants & Subsidies,3453.1,3072.9,False,-380.2,-11.01,0.0046,0.0,103.64,4.28,3.12,2251806.0,423.6,3213.9,3484.9,-0.043871931298422484,3213.9,,0.8898960354464105,0.9222359321644811,0.9222359321644811,0.017125037208211902,0.0013646379839115804,7.254249291784703,0.08126527244454318,0.03541498238860163,0.0,2,7
2021,DEPT-08,Parks & Recreation,GRANTS,Grants & Subsidies,3449.5,2998.2,False,-451.3,-13.08,0.0278,0.0235,106.52,4.73,4.43,2309305.0,421.1,3072.9,3453.1,-0.024309284389339103,3143.4,99.7020561473032,0.8691694448470793,0.8898960354464105,0.9060659838054458,0.02553461532654233,0.0012983126958110772,7.119924008549037,0.07923089323041227,0.03405379901443556,6700.4,2,7
2022,DEPT-08,Parks & Recreation,GRANTS,Grants & Subsidies,3625.0,3387.6,False,-237.4,-6.55,0.0288,0.0344,109.59,4.48,2.47,2406078.0,432.9,2998.2,3449.5,0.1298779267560537,3095.0,109.535062879427,0.9345103448275862,0.8691694448470793,0.8937671374859902,0.0419056815795229,0.00140793440611651,7.825363825363826,0.0824261653681634,0.03553345355174154,19499.6,2,7
2023,DEPT-08,Parks & Recreation,GRANTS,Grants & Subsidies,4104.5,4154.2,False,49.7,1.21,0.0324,0.0276,113.14,4.73,3.44,2502724.0,435.0,3387.6,3625.0,0.22629590270397926,3152.9,206.6593573976266,1.0121086612254842,0.9345103448275862,0.897858608373692,0.040167442618235905,0.0016598714041180728,9.549885057471265,0.1010110343284816,0.03348745663653575,0.0,2,7
2024,DEPT-08,Parks & Recreation,GRANTS,Grants & Subsidies,3448.3,3247.6,False,-200.7,-5.82,0.0258,0.0224,116.06,4.93,3.31,2582136.0,437.0,4154.2,4104.5,-0.2182369649992778,3513.3333333333335,588.1671984506897,0.941797407418148,1.0121086612254842,0.9385961503000498,0.03173022674493864,0.0012577184160710358,7.431578947368421,0.07977420725671151,0.03148915934102952,0.0,2,7
2025,DEPT-08,Parks & Recreation,GRANTS,Grants & Subsidies,3712.7,3508.8,False,-203.9,-5.49,0.0229,0.0211,118.71,4.52,3.94,2642424.0,458.9,3247.6,3448.3,0.0804286242148049,3596.4666666666667,488.057223420915,0.9450803997091066,0.941797407418148,0.9628054711570728,0.02334811179581564,0.0013278716814561177,7.646110263674004,0.09415249871200414,0.027634488742456206,0.0,2,7
2026,DEPT-08,Parks & Recreation,GRANTS,Grants & Subsidies,3736.2,1981.7,True,-1754.5,-46.96,0.033,0.0351,122.62,5.48,3.01,2726754.0,459.0,3508.8,3712.7,-0.4352200182398541,3636.8666666666663,466.67086188590446,0.5304052245597131,0.9450803997091066,0.9663288227842463,0.031913879074667806,0.0007267615633826887,4.317429193899782,0.08632789527564201,0.03057748970338283,0.0,2,7
2019,DEPT-08,Parks & Recreation,OPS,Operating Expenses,9526.6,9367.5,False,-159.1,-1.67,0.0317,0.0265,103.17,4.65,4.63,2213893.0,419.4,,,,,,0.9832993932777696,,,-0.18808480706363684,0.0042312343008447115,22.335479256080117,0.23490749146132897,0.037928114878320617,0.0,3,7
2020,DEPT-08,Parks & Recreation,OPS,Operating Expenses,8891.0,8142.4,False,-748.6,-8.42,0.0046,0.0,103.64,4.28,3.12,2251806.0,423.6,9367.5,9526.6,-0.13078195890045374,9367.5,,0.9158024969069846,0.9832993932777696,0.9832993932777696,0.017125037208211902,0.0036159420482936807,19.221907459867797,0.21533221203177727,0.03541498238860163,0.0,3,7
2021,DEPT-08,Parks & Recreation,OPS,Operating Expenses,8165.4,7766.6,False,-398.8,-4.88,0.0278,0.0235,106.52,4.73,4.43,2309305.0,421.1,8142.4,8891.0,-0.04615346826488498,8754.95,866.2765176316402,0.9511597717196953,0.9158024969069846,0.9495509450923771,0.02553461532654233,0.003363176366915587,18.443600094989314,0.20524136327240342,0.03405379901443556,6700.4,3,7
2022,DEPT-08,Parks & Recreation,OPS,Operating Expenses,7980.6,7381.0,False,-599.6,-7.51,0.0288,0.0344,109.59,4.48,2.47,2406078.0,432.9,7766.6,8165.4,-0.04964849483686562,8425.5,837.1555470759306,0.9248678044257324,0.9511597717196953,0.9500872206348165,0.0419056815795229,0.003067647848490365,17.050127050127053,0.17959249220168083,0.03553345355174154,19499.6,3,7
2023,DEPT-08,Parks & Recreation,OPS,Operating Expenses,8517.2,8007.4,False,-509.8,-5.99,0.0324,0.0276,113.14,4.73,3.44,2502724.0,435.0,7381.0,7980.6,0.08486654924806936,7763.333333333333,380.71051119365467,0.9401446484760249,0.9248678044257324,0.9306100243508041,0.040167442618235905,0.0031994738532894556,18.40781609195402,0.1947031332824331,0.03348745663653575,0.0,3,7
2024,DEPT-08,Parks & Recreation,OPS,Operating Expenses,8965.2,8568.9,False,-396.3,-4.42,0.0258,0.0224,116.06,4.93,3.31,2582136.0,437.0,8007.4,8517.2,0.0701226365611809,7718.333333333333,315.9770455797919,0.9557957435416944,0.9401446484760249,0.9387240748738175,0.03173022674493864,0.003318531634274879,19.608466819221967,0.21048688402575294,0.03148915934102952,0.0,3,7
2025,DEPT-08,Parks & Recreation,OPS,Operating Expenses,8933.2,8148.0,False,-785.2,-8.79,0.0229,0.0211,118.71,4.52,3.94,2642424.0,458.9,8568.9,8965.2,-0.04911949024962359,7985.766666666666,594.2454066573291,0.9121031657188913,0.9557957435416944,0.9402693988144838,0.02334811179581564,0.003083532392984623,17.755502288080194,0.21863730036063886,0.027634488742456206,0.0,3,7
2026,DEPT-08,Parks & Recreation,OPS,Operating Expenses,9114.4,5336.8,True,-3777.6,-41.45,0.033,0.0351,122.62,5.48,3.01,2726754.0,459.0,8148.0,8933.2,-0.3450171821305842,8241.433333333332,292.17786249703346,0.5855349776178356,0.9121031657188913,0.9360145192455369,0.031913879074667806,0.0019571989259023733,11.627015250544662,0.23248458974973318,0.03057748970338283,0.0,3,7
2019,DEPT-08,Parks & Recreation,PERS,Personnel & Compensation,23144.5,20424.0,False,-2720.5,-11.75,0.0317,0.0265,103.17,4.65,4.63,2213893.0,419.4,,,,,,0.8824558750459073,,,-0.18808480706363684,0.009225378100928997,48.698140200286126,0.5121698004383435,0.037928114878320617,0.0,4,7
2020,DEPT-08,Parks & Recreation,PERS,Personnel & Compensation,20760.8,20010.8,False,-750.0,-3.61,0.0046,0.0,103.64,4.28,3.12,2251806.0,423.6,20424.0,23144.5,-0.020231100665883295,20424.0,,0.9638742245000192,0.8824558750459073,0.8824558750459073,0.017125037208211902,0.008886555946649045,47.239848914069874,0.5292014428823797,0.03541498238860163,0.0,4,7
2021,DEPT-08,Parks & Recreation,PERS,Personnel & Compensation,22037.6,20753.5,False,-1284.1,-5.83,0.0278,0.0235,106.52,4.73,4.43,2309305.0,421.1,20010.8,20760.8,0.03711495792272168,20217.4,292.17652198628326,0.941731404508658,0.9638742245000192,0.9231650497729633,0.02553461532654233,0.008986902985963309,49.2840180479696,0.548435175324315,0.03405379901443556,6700.4,4,7
2022,DEPT-08,Parks & Recreation,PERS,Personnel & Compensation,23936.9,23257.1,False,-679.8,-2.84,0.0288,0.0344,109.59,4.48,2.47,2406078.0,432.9,20753.5,22037.6,0.12063507360204295,20396.100000000002,372.1352307965475,0.9716003325409722,0.941731404508658,0.9293538346848615,0.0419056815795229,0.00966597924090574,53.723954723954726,0.5658854559522709,0.03553345355174154,19499.6,4,7
2023,DEPT-08,Parks & Recreation,PERS,Personnel & Compensation,24601.8,22228.6,False,-2373.2,-9.65,0.0324,0.0276,113.14,4.73,3.44,2502724.0,435.0,23257.1,23936.9,-0.04422305446508812,21340.466666666664,1700.8860406662545,0.903535513661602,0.9716003325409722,0.9590686538498833,0.040167442618235905,0.008881762431654469,51.100229885057466,0.5404972985590694,0.03348745663653575,0.0,4,7
2024,DEPT-08,Parks & Recreation,PERS,Personnel & Compensation,24108.0,22255.5,False,-1852.5,-7.68,0.0258,0.0224,116.06,4.93,3.31,2582136.0,437.0,22228.6,24601.8,0.001210152686179189,22079.733333333334,1258.4213139220599,0.923158287705326,0.903535513661602,0.9389557502370774,0.03173022674493864,0.008619027038080101,50.9279176201373,0.546685204336046,0.03148915934102952,0.0,4,7
2025,DEPT-08,Parks & Recreation,PERS,Personnel & Compensation,20464.5,18696.4,False,-1768.1,-8.64,0.0229,0.0211,118.71,4.52,3.94,2642424.0,458.9,22255.5,24108.0,-0.15992001977039372,22580.399999999998,586.1937137158587,0.9136016027755381,0.923158287705326,0.9327647113026334,0.02334811179581564,0.007075473126190196,40.74177380692962,0.501685127940924,0.027634488742456206,0.0,4,7
2026,DEPT-08,Parks & Recreation,PERS,Personnel & Compensation,24304.8,11761.7,True,-12543.1,-51.61,0.033,0.0351,122.62,5.48,3.01,2726754.0,459.0,18696.4,20464.5,-0.37091097751438784,21060.166666666668,2047.1261669309267,0.48392498601099376,0.9136016027755381,0.9134318013808221,0.031913879074667806,0.004313443750334647,25.624618736383443,0.5123695846311341,0.03057748970338283,0.0,4,7
