fiscal_year,fiscal_month,calendar_month,calendar_year,period,dept_id,category_id,obligated_amount
2019,1,10,2018,2018-10,DEPT-01,PERS,5023.1
2019,2,11,2018,2018-11,DEPT-01,PERS,5339.3
2019,3,12,2018,2018-12,DEPT-01,PERS,6620.9
2019,4,1,2019,2019-01,DEPT-01,PERS,6550.3
2019,5,2,2019,2019-02,DEPT-01,PERS,7956.0
2019,6,3,2019,2019-03,DEPT-01,PERS,9134.9
2019,7,4,2019,2019-04,DEPT-01,PERS,8646.2
2019,8,5,2019,2019-05,DEPT-01,PERS,9066.7
2019,9,6,2019,2019-06,DEPT-01,PERS,8856.6
2019,10,7,2019,2019-07,DEPT-01,PERS,10550.0
2019,11,8,2019,2019-08,DEPT-01,PERS,10270.8
2019,12,9,2019,2019-09,DEPT-01,PERS,13757.4
2019,1,10,2018,2018-10,DEPT-01,OPS,1619.4
2019,2,11,2018,2018-11,DEPT-01,OPS,2149.1
2019,3,12,2018,2018-12,DEPT-01,OPS,2813.7
2019,4,1,2019,2019-01,DEPT-01,OPS,2358.0
2019,5,2,2019,2019-02,DEPT-01,OPS,2955.2
2019,6,3,2019,2019-03,DEPT-01,OPS,2882.7
2019,7,4,2019,2019-04,DEPT-01,OPS,2968.0
2019,8,5,2019,2019-05,DEPT-01,OPS,3291.1
2019,9,6,2019,2019-06,DEPT-01,OPS,3374.4
2019,10,7,2019,2019-07,DEPT-01,OPS,3744.0
2019,11,8,2019,2019-08,DEPT-01,OPS,3931.9
2019,12,9,2019,2019-09,DEPT-01,OPS,4551.8
2019,1,10,2018,2018-10,DEPT-01,CAP,852.4
2019,2,11,2018,2018-11,DEPT-01,CAP,1250.8
2019,3,12,2018,2018-12,DEPT-01,CAP,1373.7
2019,4,1,2019,2019-01,DEPT-01,CAP,1440.7
2019,5,2,2019,2019-02,DEPT-01,CAP,1622.0
2019,6,3,2019,2019-03,DEPT-01,CAP,1838.9
2019,7,4,2019,2019-04,DEPT-01,CAP,1863.5
2019,8,5,2019,2019-05,DEPT-01,CAP,1843.0
2019,9,6,2019,2019-06,DEPT-01,CAP,2254.6
2019,10,7,2019,2019-07,DEPT-01,CAP,2555.9
2019,11,8,2019,2019-08,DEPT-01,CAP,2583.7
2019,12,9,2019,2019-09,DEPT-01,CAP,3377.8
2019,1,10,2018,2018-10,DEPT-01,GRANTS,658.6
2019,2,11,2018,2018-11,DEPT-01,GRANTS,798.4
2019,3,12,2018,2018-12,DEPT-01,GRANTS,907.8
2019,4,1,2019,2019-01,DEPT-01,GRANTS,976.5
2019,5,2,2019,2019-02,DEPT-01,GRANTS,1039.9
2019,6,3,2019,2019-03,DEPT-01,GRANTS,971.5
2019,7,4,2019,2019-04,DEPT-01,GRANTS,1195.0
2019,8,5,2019,2019-05,DEPT-01,GRANTS,1068.2
2019,9,6,2019,2019-06,DEPT-01,GRANTS,1184.3
2019,10,7,2019,2019-07,DEPT-01,GRANTS,1543.6
2019,11,8,2019,2019-08,DEPT-01,GRANTS,1633.8
2019,12,9,2019,2019-09,DEPT-01,GRANTS,2160.0
2019,1,10,2018,2018-10,DEPT-01,CONTR,399.9
2019,2,11,2018,2018-11,DEPT-01,CONTR,453.6
2019,3,12,2018,2018-12,DEPT-01,CONTR,579.1
2019,4,1,2019,2019-01,DEPT-01,CONTR,641.1
2019,5,2,2019,2019-02,DEPT-01,CONTR,685.6
2019,6,3,2019,2019-03,DEPT-01,CONTR,792.7
2019,7,4,2019,2019-04,DEPT-01,CONTR,749.9
2019,8,5,2019,2019-05,DEPT-01,CONTR,840.6
2019,9,6,2019,2019-06,DEPT-01,CONTR,794.8
2019,10,7,2019,2019-07,DEPT-01,CONTR,988.2
2019,11,8,2019,2019-08,DEPT-01,CONTR,1045.0
2019,12,9,2019,2019-09,DEPT-01,CONTR,1238.2
2020,1,10,2019,2019-10,DEPT-01,PERS,4660.1
2020,2,11,2019,2019-11,DEPT-01,PERS,5719.6
2020,3,12,2019,2019-12,DEPT-01,PERS,6712.4
2020,4,1,2020,2020-01,DEPT-01,PERS,8435.4
2020,5,2,2020,2020-02,DEPT-01,PERS,7853.8
2020,6,3,2020,2020-03,DEPT-01,PERS,8279.1
2020,7,4,2020,2020-04,DEPT-01,PERS,7466.2
2020,8,5,2020,2020-05,DEPT-01,PERS,8819.8
2020,9,6,2020,2020-06,DEPT-01,PERS,9816.1
2020,10,7,2020,2020-07,DEPT-01,PERS,10474.5
2020,11,8,2020,2020-08,DEPT-01,PERS,13479.8
2020,12,9,2020,2020-09,DEPT-01,PERS,15102.6
2020,1,10,2019,2019-10,DEPT-01,OPS,1787.4
2020,2,11,2019,2019-11,DEPT-01,OPS,1990.2
2020,3,12,2019,2019-12,DEPT-01,OPS,2347.5
2020,4,1,2020,2020-01,DEPT-01,OPS,2502.6
2020,5,2,2020,2020-02,DEPT-01,OPS,2701.4
2020,6,3,2020,2020-03,DEPT-01,OPS,3276.7
2020,7,4,2020,2020-04,DEPT-01,OPS,2492.7
2020,8,5,2020,2020-05,DEPT-01,OPS,2721.8
2020,9,6,2020,2020-06,DEPT-01,OPS,3272.1
2020,10,7,2020,2020-07,DEPT-01,OPS,3785.2
2020,11,8,2020,2020-08,DEPT-01,OPS,4369.5
2020,12,9,2020,2020-09,DEPT-01,OPS,5418.7
2020,1,10,2019,2019-10,DEPT-01,CAP,1002.5
2020,2,11,2019,2019-11,DEPT-01,CAP,1367.2
2020,3,12,2019,2019-12,DEPT-01,CAP,1617.2
2020,4,1,2020,2020-01,DEPT-01,CAP,1632.6
2020,5,2,2020,2020-02,DEPT-01,CAP,1856.6
2020,6,3,2020,2020-03,DEPT-01,CAP,1878.9
2020,7,4,2020,2020-04,DEPT-01,CAP,1866.0
2020,8,5,2020,2020-05,DEPT-01,CAP,2184.1
2020,9,6,2020,2020-06,DEPT-01,CAP,2202.9
2020,10,7,2020,2020-07,DEPT-01,CAP,2413.7
2020,11,8,2020,2020-08,DEPT-01,CAP,2954.8
2020,12,9,2020,2020-09,DEPT-01,CAP,2679.4
2020,1,10,2019,2019-10,DEPT-01,GRANTS,525.0
2020,2,11,2019,2019-11,DEPT-01,GRANTS,655.0
2020,3,12,2019,2019-12,DEPT-01,GRANTS,830.5
2020,4,1,2020,2020-01,DEPT-01,GRANTS,902.4
2020,5,2,2020,2020-02,DEPT-01,GRANTS,867.9
2020,6,3,2020,2020-03,DEPT-01,GRANTS,969.7
2020,7,4,2020,2020-04,DEPT-01,GRANTS,1041.5
2020,8,5,2020,2020-05,DEPT-01,GRANTS,1417.1
2020,9,6,2020,2020-06,DEPT-01,GRANTS,1430.3
2020,10,7,2020,2020-07,DEPT-01,GRANTS,1336.2
2020,11,8,2020,2020-08,DEPT-01,GRANTS,1469.2
2020,12,9,2020,2020-09,DEPT-01,GRANTS,1732.6
2020,1,10,2019,2019-10,DEPT-01,CONTR,366.5
2020,2,11,2019,2019-11,DEPT-01,CONTR,523.7
2020,3,12,2019,2019-12,DEPT-01,CONTR,574.9
2020,4,1,2020,2020-01,DEPT-01,CONTR,668.3
2020,5,2,2020,2020-02,DEPT-01,CONTR,628.6
2020,6,3,2020,2020-03,DEPT-01,CONTR,722.1
2020,7,4,2020,2020-04,DEPT-01,CONTR,826.7
2020,8,5,2020,2020-05,DEPT-01,CONTR,890.4
2020,9,6,2020,2020-06,DEPT-01,CONTR,943.6
2020,10,7,2020,2020-07,DEPT-01,CONTR,902.6
2020,11,8,2020,2020-08,DEPT-01,CONTR,1180.9
2020,12,9,2020,2020-09,DEPT-01,CONTR,1304.5
2021,1,10,2020,2020-10,DEPT-01,PERS,4380.4
2021,2,11,2020,2020-11,DEPT-01,PERS,5091.5
2021,3,12,2020,2020-12,DEPT-01,PERS,5359.2
2021,4,1,2021,2021-01,DEPT-01,PERS,6321.5
2021,5,2,2021,2021-02,DEPT-01,PERS,7152.0
2021,6,3,2021,2021-03,DEPT-01,PERS,7775.6
2021,7,4,2021,2021-04,DEPT-01,PERS,7786.5
2021,8,5,2021,2021-05,DEPT-01,PERS,9360.4
2021,9,6,2021,2021-06,DEPT-01,PERS,9511.3
2021,10,7,2021,2021-07,DEPT-01,PERS,9528.6
2021,11,8,2021,2021-08,DEPT-01,PERS,11294.3
2021,12,9,2021,2021-09,DEPT-01,PERS,15512.8
2021,1,10,2020,2020-10,DEPT-01,OPS,2048.4
2021,2,11,2020,2020-11,DEPT-01,OPS,1951.5
2021,3,12,2020,2020-12,DEPT-01,OPS,2368.0
2021,4,1,2021,2021-01,DEPT-01,OPS,3081.6
2021,5,2,2021,2021-02,DEPT-01,OPS,2701.3
2021,6,3,2021,2021-03,DEPT-01,OPS,2814.8
2021,7,4,2021,2021-04,DEPT-01,OPS,3214.5
2021,8,5,2021,2021-05,DEPT-01,OPS,3660.4
2021,9,6,2021,2021-06,DEPT-01,OPS,3707.4
2021,10,7,2021,2021-07,DEPT-01,OPS,3916.5
2021,11,8,2021,2021-08,DEPT-01,OPS,4281.0
2021,12,9,2021,2021-09,DEPT-01,OPS,5380.3
2021,1,10,2020,2020-10,DEPT-01,CAP,1007.4
2021,2,11,2020,2020-11,DEPT-01,CAP,1566.2
2021,3,12,2020,2020-12,DEPT-01,CAP,1602.5
2021,4,1,2021,2021-01,DEPT-01,CAP,1805.2
2021,5,2,2021,2021-02,DEPT-01,CAP,1735.3
2021,6,3,2021,2021-03,DEPT-01,CAP,1897.8
2021,7,4,2021,2021-04,DEPT-01,CAP,1930.0
2021,8,5,2021,2021-05,DEPT-01,CAP,1707.5
2021,9,6,2021,2021-06,DEPT-01,CAP,2035.4
2021,10,7,2021,2021-07,DEPT-01,CAP,2162.2
2021,11,8,2021,2021-08,DEPT-01,CAP,2270.8
2021,12,9,2021,2021-09,DEPT-01,CAP,3157.7
2021,1,10,2020,2020-10,DEPT-01,GRANTS,775.3
2021,2,11,2020,2020-11,DEPT-01,GRANTS,853.7
2021,3,12,2020,2020-12,DEPT-01,GRANTS,1117.0
2021,4,1,2021,2021-01,DEPT-01,GRANTS,1126.2
2021,5,2,2021,2021-02,DEPT-01,GRANTS,1241.4
2021,6,3,2021,2021-03,DEPT-01,GRANTS,1156.3
2021,7,4,2021,2021-04,DEPT-01,GRANTS,1379.5
2021,8,5,2021,2021-05,DEPT-01,GRANTS,1483.7
2021,9,6,2021,2021-06,DEPT-01,GRANTS,1411.5
2021,10,7,2021,2021-07,DEPT-01,GRANTS,1708.8
2021,11,8,2021,2021-08,DEPT-01,GRANTS,1872.5
2021,12,9,2021,2021-09,DEPT-01,GRANTS,2159.4
2021,1,10,2020,2020-10,DEPT-01,CONTR,400.5
2021,2,11,2020,2020-11,DEPT-01,CONTR,486.9
2021,3,12,2020,2020-12,DEPT-01,CONTR,640.0
2021,4,1,2021,2021-01,DEPT-01,CONTR,702.4
2021,5,2,2021,2021-02,DEPT-01,CONTR,686.9
2021,6,3,2021,2021-03,DEPT-01,CONTR,783.9
2021,7,4,2021,2021-04,DEPT-01,CONTR,869.1
2021,8,5,2021,2021-05,DEPT-01,CONTR,923.6
2021,9,6,2021,2021-06,DEPT-01,CONTR,1044.3
2021,10,7,2021,2021-07,DEPT-01,CONTR,1131.6
2021,11,8,2021,2021-08,DEPT-01,CONTR,1034.4
2021,12,9,2021,2021-09,DEPT-01,CONTR,1608.8
2022,1,10,2021,2021-10,DEPT-01,PERS,4404.7
2022,2,11,2021,2021-11,DEPT-01,PERS,6092.3
2022,3,12,2021,2021-12,DEPT-01,PERS,6680.7
2022,4,1,2022,2022-01,DEPT-01,PERS,6919.8
2022,5,2,2022,2022-02,DEPT-01,PERS,6558.1
2022,6,3,2022,2022-03,DEPT-01,PERS,8065.7
2022,7,4,2022,2022-04,DEPT-01,PERS,7605.1
2022,8,5,2022,2022-05,DEPT-01,PERS,9912.2
2022,9,6,2022,2022-06,DEPT-01,PERS,10889.8
2022,10,7,2022,2022-07,DEPT-01,PERS,10049.3
2022,11,8,2022,2022-08,DEPT-01,PERS,12039.8
2022,12,9,2022,2022-09,DEPT-01,PERS,13962.4
2022,1,10,2021,2021-10,DEPT-01,OPS,1829.1
2022,2,11,2021,2021-11,DEPT-01,OPS,2499.7
2022,3,12,2021,2021-12,DEPT-01,OPS,2773.3
2022,4,1,2022,2022-01,DEPT-01,OPS,3412.8
2022,5,2,2022,2022-02,DEPT-01,OPS,3086.0
2022,6,3,2022,2022-03,DEPT-01,OPS,3697.5
2022,7,4,2022,2022-04,DEPT-01,OPS,3666.1
2022,8,5,2022,2022-05,DEPT-01,OPS,4097.0
2022,9,6,2022,2022-06,DEPT-01,OPS,3920.3
2022,10,7,2022,2022-07,DEPT-01,OPS,4475.9
2022,11,8,2022,2022-08,DEPT-01,OPS,4876.2
2022,12,9,2022,2022-09,DEPT-01,OPS,5790.6
2022,1,10,2021,2021-10,DEPT-01,CAP,1150.2
2022,2,11,2021,2021-11,DEPT-01,CAP,1404.6
2022,3,12,2021,2021-12,DEPT-01,CAP,1652.8
2022,4,1,2022,2022-01,DEPT-01,CAP,1908.2
2022,5,2,2022,2022-02,DEPT-01,CAP,2031.7
2022,6,3,2022,2022-03,DEPT-01,CAP,1883.7
2022,7,4,2022,2022-04,DEPT-01,CAP,2125.0
2022,8,5,2022,2022-05,DEPT-01,CAP,2075.8
2022,9,6,2022,2022-06,DEPT-01,CAP,2310.4
2022,10,7,2022,2022-07,DEPT-01,CAP,2426.6
2022,11,8,2022,2022-08,DEPT-01,CAP,3153.4
2022,12,9,2022,2022-09,DEPT-01,CAP,3622.3
2022,1,10,2021,2021-10,DEPT-01,GRANTS,692.2
2022,2,11,2021,2021-11,DEPT-01,GRANTS,943.2
2022,3,12,2021,2021-12,DEPT-01,GRANTS,840.9
2022,4,1,2022,2022-01,DEPT-01,GRANTS,919.3
2022,5,2,2022,2022-02,DEPT-01,GRANTS,1248.9
2022,6,3,2022,2022-03,DEPT-01,GRANTS,1258.4
2022,7,4,2022,2022-04,DEPT-01,GRANTS,1357.3
2022,8,5,2022,2022-05,DEPT-01,GRANTS,1259.4
2022,9,6,2022,2022-06,DEPT-01,GRANTS,1484.4
2022,10,7,2022,2022-07,DEPT-01,GRANTS,1907.2
2022,11,8,2022,2022-08,DEPT-01,GRANTS,1919.0
2022,12,9,2022,2022-09,DEPT-01,GRANTS,2300.7
2022,1,10,2021,2021-10,DEPT-01,CONTR,392.3
2022,2,11,2021,2021-11,DEPT-01,CONTR,481.3
2022,3,12,2021,2021-12,DEPT-01,CONTR,487.3
2022,4,1,2022,2022-01,DEPT-01,CONTR,645.5
2022,5,2,2022,2022-02,DEPT-01,CONTR,723.5
2022,6,3,2022,2022-03,DEPT-01,CONTR,631.7
2022,7,4,2022,2022-04,DEPT-01,CONTR,727.4
2022,8,5,2022,2022-05,DEPT-01,CONTR,737.9
2022,9,6,2022,2022-06,DEPT-01,CONTR,792.1
2022,10,7,2022,2022-07,DEPT-01,CONTR,952.8
2022,11,8,2022,2022-08,DEPT-01,CONTR,865.8
2022,12,9,2022,2022-09,DEPT-01,CONTR,1374.5
2023,1,10,2022,2022-10,DEPT-01,PERS,5499.7
2023,2,11,2022,2022-11,DEPT-01,PERS,6212.1
2023,3,12,2022,2022-12,DEPT-01,PERS,6005.3
2023,4,1,2023,2023-01,DEPT-01,PERS,7425.3
2023,5,2,2023,2023-02,DEPT-01,PERS,9497.4
2023,6,3,2023,2023-03,DEPT-01,PERS,7171.8
2023,7,4,2023,2023-04,DEPT-01,PERS,9525.0
2023,8,5,2023,2023-05,DEPT-01,PERS,9394.4
2023,9,6,2023,2023-06,DEPT-01,PERS,11654.8
2023,10,7,2023,2023-07,DEPT-01,PERS,11449.0
2023,11,8,2023,2023-08,DEPT-01,PERS,13683.7
2023,12,9,2023,2023-09,DEPT-01,PERS,17469.2
2023,1,10,2022,2022-10,DEPT-01,OPS,2454.0
2023,2,11,2022,2022-11,DEPT-01,OPS,2572.7
2023,3,12,2022,2022-12,DEPT-01,OPS,3183.6
2023,4,1,2023,2023-01,DEPT-01,OPS,2932.9
2023,5,2,2023,2023-02,DEPT-01,OPS,3905.7
2023,6,3,2023,2023-03,DEPT-01,OPS,3572.4
2023,7,4,2023,2023-04,DEPT-01,OPS,3860.3
2023,8,5,2023,2023-05,DEPT-01,OPS,4271.7
2023,9,6,2023,2023-06,DEPT-01,OPS,3952.3
2023,10,7,2023,2023-07,DEPT-01,OPS,5083.9
2023,11,8,2023,2023-08,DEPT-01,OPS,5891.2
2023,12,9,2023,2023-09,DEPT-01,OPS,7056.0
2023,1,10,2022,2022-10,DEPT-01,CAP,844.3
2023,2,11,2022,2022-11,DEPT-01,CAP,1170.5
2023,3,12,2022,2022-12,DEPT-01,CAP,1480.1
2023,4,1,2023,2023-01,DEPT-01,CAP,1278.5
2023,5,2,2023,2023-02,DEPT-01,CAP,1473.5
2023,6,3,2023,2023-03,DEPT-01,CAP,1840.1
2023,7,4,2023,2023-04,DEPT-01,CAP,1866.5
2023,8,5,2023,2023-05,DEPT-01,CAP,1998.2
2023,9,6,2023,2023-06,DEPT-01,CAP,2345.7
2023,10,7,2023,2023-07,DEPT-01,CAP,2341.5
2023,11,8,2023,2023-08,DEPT-01,CAP,2601.9
2023,12,9,2023,2023-09,DEPT-01,CAP,3792.5
2023,1,10,2022,2022-10,DEPT-01,GRANTS,645.1
2023,2,11,2022,2022-11,DEPT-01,GRANTS,751.0
2023,3,12,2022,2022-12,DEPT-01,GRANTS,980.4
2023,4,1,2023,2023-01,DEPT-01,GRANTS,1056.8
2023,5,2,2023,2023-02,DEPT-01,GRANTS,1047.8
2023,6,3,2023,2023-03,DEPT-01,GRANTS,1070.4
2023,7,4,2023,2023-04,DEPT-01,GRANTS,1468.8
2023,8,5,2023,2023-05,DEPT-01,GRANTS,1346.9
2023,9,6,2023,2023-06,DEPT-01,GRANTS,1304.4
2023,10,7,2023,2023-07,DEPT-01,GRANTS,1643.6
2023,11,8,2023,2023-08,DEPT-01,GRANTS,1662.6
2023,12,9,2023,2023-09,DEPT-01,GRANTS,2072.0
2023,1,10,2022,2022-10,DEPT-01,CONTR,481.1
2023,2,11,2022,2022-11,DEPT-01,CONTR,504.6
2023,3,12,2022,2022-12,DEPT-01,CONTR,683.8
2023,4,1,2023,2023-01,DEPT-01,CONTR,825.8
2023,5,2,2023,2023-02,DEPT-01,CONTR,796.0
2023,6,3,2023,2023-03,DEPT-01,CONTR,793.9
2023,7,4,2023,2023-04,DEPT-01,CONTR,834.4
2023,8,5,2023,2023-05,DEPT-01,CONTR,890.6
2023,9,6,2023,2023-06,DEPT-01,CONTR,952.2
2023,10,7,2023,2023-07,DEPT-01,CONTR,1041.8
2023,11,8,2023,2023-08,DEPT-01,CONTR,1262.9
2023,12,9,2023,2023-09,DEPT-01,CONTR,1277.9
2024,1,10,2023,2023-10,DEPT-01,PERS,5627.6
2024,2,11,2023,2023-11,DEPT-01,PERS,6239.0
2024,3,12,2023,2023-12,DEPT-01,PERS,7833.7
2024,4,1,2024,2024-01,DEPT-01,PERS,7451.0
2024,5,2,2024,2024-02,DEPT-01,PERS,9706.9
2024,6,3,2024,2024-03,DEPT-01,PERS,10291.9
2024,7,4,2024,2024-04,DEPT-01,PERS,10707.5
2024,8,5,2024,2024-05,DEPT-01,PERS,9253.2
2024,9,6,2024,2024-06,DEPT-01,PERS,11851.3
2024,10,7,2024,2024-07,DEPT-01,PERS,12681.8
2024,11,8,2024,2024-08,DEPT-01,PERS,11726.1
2024,12,9,2024,2024-09,DEPT-01,PERS,16930.6
2024,1,10,2023,2023-10,DEPT-01,OPS,2046.8
2024,2,11,2023,2023-11,DEPT-01,OPS,2538.9
2024,3,12,2023,2023-12,DEPT-01,OPS,2913.5
2024,4,1,2024,2024-01,DEPT-01,OPS,3165.8
2024,5,2,2024,2024-02,DEPT-01,OPS,3705.5
2024,6,3,2024,2024-03,DEPT-01,OPS,3882.5
2024,7,4,2024,2024-04,DEPT-01,OPS,2895.0
2024,8,5,2024,2024-05,DEPT-01,OPS,3876.6
2024,9,6,2024,2024-06,DEPT-01,OPS,4143.3
2024,10,7,2024,2024-07,DEPT-01,OPS,3990.1
2024,11,8,2024,2024-08,DEPT-01,OPS,5120.9
2024,12,9,2024,2024-09,DEPT-01,OPS,7048.7
2024,1,10,2023,2023-10,DEPT-01,CAP,997.4
2024,2,11,2023,2023-11,DEPT-01,CAP,1371.0
2024,3,12,2023,2023-12,DEPT-01,CAP,1462.3
2024,4,1,2024,2024-01,DEPT-01,CAP,1607.9
2024,5,2,2024,2024-02,DEPT-01,CAP,2035.8
2024,6,3,2024,2024-03,DEPT-01,CAP,1857.7
2024,7,4,2024,2024-04,DEPT-01,CAP,2139.7
2024,8,5,2024,2024-05,DEPT-01,CAP,1857.7
2024,9,6,2024,2024-06,DEPT-01,CAP,2649.7
2024,10,7,2024,2024-07,DEPT-01,CAP,2671.7
2024,11,8,2024,2024-08,DEPT-01,CAP,2750.9
2024,12,9,2024,2024-09,DEPT-01,CAP,3681.9
2024,1,10,2023,2023-10,DEPT-01,GRANTS,719.9
2024,2,11,2023,2023-11,DEPT-01,GRANTS,1085.5
2024,3,12,2023,2023-12,DEPT-01,GRANTS,1141.6
2024,4,1,2024,2024-01,DEPT-01,GRANTS,1241.6
2024,5,2,2024,2024-02,DEPT-01,GRANTS,1299.1
2024,6,3,2024,2024-03,DEPT-01,GRANTS,1375.5
2024,7,4,2024,2024-04,DEPT-01,GRANTS,1617.8
2024,8,5,2024,2024-05,DEPT-01,GRANTS,1656.0
2024,9,6,2024,2024-06,DEPT-01,GRANTS,1802.2
2024,10,7,2024,2024-07,DEPT-01,GRANTS,1891.9
2024,11,8,2024,2024-08,DEPT-01,GRANTS,2158.7
2024,12,9,2024,2024-09,DEPT-01,GRANTS,2526.9
2024,1,10,2023,2023-10,DEPT-01,CONTR,548.8
2024,2,11,2023,2023-11,DEPT-01,CONTR,497.8
2024,3,12,2023,2023-12,DEPT-01,CONTR,740.6
2024,4,1,2024,2024-01,DEPT-01,CONTR,803.7
2024,5,2,2024,2024-02,DEPT-01,CONTR,723.3
2024,6,3,2024,2024-03,DEPT-01,CONTR,975.6
2024,7,4,2024,2024-04,DEPT-01,CONTR,949.7
2024,8,5,2024,2024-05,DEPT-01,CONTR,1003.8
2024,9,6,2024,2024-06,DEPT-01,CONTR,985.4
2024,10,7,2024,2024-07,DEPT-01,CONTR,1067.8
2024,11,8,2024,2024-08,DEPT-01,CONTR,1170.2
2024,12,9,2024,2024-09,DEPT-01,CONTR,1547.5
2025,1,10,2024,2024-10,DEPT-01,PERS,6111.5
2025,2,11,2024,2024-11,DEPT-01,PERS,6814.1
2025,3,12,2024,2024-12,DEPT-01,PERS,7359.1
2025,4,1,2025,2025-01,DEPT-01,PERS,9112.3
2025,5,2,2025,2025-02,DEPT-01,PERS,9834.1
2025,6,3,2025,2025-03,DEPT-01,PERS,10281.4
2025,7,4,2025,2025-04,DEPT-01,PERS,10999.4
2025,8,5,2025,2025-05,DEPT-01,PERS,10752.7
2025,9,6,2025,2025-06,DEPT-01,PERS,10739.3
2025,10,7,2025,2025-07,DEPT-01,PERS,11932.1
2025,11,8,2025,2025-08,DEPT-01,PERS,12206.5
2025,12,9,2025,2025-09,DEPT-01,PERS,18043.3
2025,1,10,2024,2024-10,DEPT-01,OPS,1918.6
2025,2,11,2024,2024-11,DEPT-01,OPS,2277.6
2025,3,12,2024,2024-12,DEPT-01,OPS,2130.3
2025,4,1,2025,2025-01,DEPT-01,OPS,2704.8
2025,5,2,2025,2025-02,DEPT-01,OPS,3507.8
2025,6,3,2025,2025-03,DEPT-01,OPS,3251.2
2025,7,4,2025,2025-04,DEPT-01,OPS,3753.7
2025,8,5,2025,2025-05,DEPT-01,OPS,3433.2
2025,9,6,2025,2025-06,DEPT-01,OPS,4547.0
2025,10,7,2025,2025-07,DEPT-01,OPS,4454.9
2025,11,8,2025,2025-08,DEPT-01,OPS,5050.6
2025,12,9,2025,2025-09,DEPT-01,OPS,7381.8
2025,1,10,2024,2024-10,DEPT-01,CAP,1400.5
2025,2,11,2024,2024-11,DEPT-01,CAP,1489.1
2025,3,12,2024,2024-12,DEPT-01,CAP,1718.5
2025,4,1,2025,2025-01,DEPT-01,CAP,1892.3
2025,5,2,2025,2025-02,DEPT-01,CAP,2166.6
2025,6,3,2025,2025-03,DEPT-01,CAP,2201.7
2025,7,4,2025,2025-04,DEPT-01,CAP,2284.6
2025,8,5,2025,2025-05,DEPT-01,CAP,2791.2
2025,9,6,2025,2025-06,DEPT-01,CAP,2612.7
2025,10,7,2025,2025-07,DEPT-01,CAP,3450.4
2025,11,8,2025,2025-08,DEPT-01,CAP,3215.0
2025,12,9,2025,2025-09,DEPT-01,CAP,4599.3
2025,1,10,2024,2024-10,DEPT-01,GRANTS,882.5
2025,2,11,2024,2024-11,DEPT-01,GRANTS,1129.4
2025,3,12,2024,2024-12,DEPT-01,GRANTS,1167.5
2025,4,1,2025,2025-01,DEPT-01,GRANTS,1243.5
2025,5,2,2025,2025-02,DEPT-01,GRANTS,1482.6
2025,6,3,2025,2025-03,DEPT-01,GRANTS,1645.9
2025,7,4,2025,2025-04,DEPT-01,GRANTS,1625.8
2025,8,5,2025,2025-05,DEPT-01,GRANTS,1539.4
2025,9,6,2025,2025-06,DEPT-01,GRANTS,1614.2
2025,10,7,2025,2025-07,DEPT-01,GRANTS,1773.4
2025,11,8,2025,2025-08,DEPT-01,GRANTS,1882.6
2025,12,9,2025,2025-09,DEPT-01,GRANTS,2788.8
2025,1,10,2024,2024-10,DEPT-01,CONTR,458.3
2025,2,11,2024,2024-11,DEPT-01,CONTR,513.3
2025,3,12,2024,2024-12,DEPT-01,CONTR,497.5
2025,4,1,2025,2025-01,DEPT-01,CONTR,644.0
2025,5,2,2025,2025-02,DEPT-01,CONTR,691.6
2025,6,3,2025,2025-03,DEPT-01,CONTR,872.8
2025,7,4,2025,2025-04,DEPT-01,CONTR,701.6
2025,8,5,2025,2025-05,DEPT-01,CONTR,814.6
2025,9,6,2025,2025-06,DEPT-01,CONTR,1008.7
2025,10,7,2025,2025-07,DEPT-01,CONTR,1016.3
2025,11,8,2025,2025-08,DEPT-01,CONTR,1122.9
2025,12,9,2025,2025-09,DEPT-01,CONTR,1367.2
2026,1,10,2025,2025-10,DEPT-01,PERS,5042.3
2026,2,11,2025,2025-11,DEPT-01,PERS,6377.8
2026,3,12,2025,2025-12,DEPT-01,PERS,6636.5
2026,4,1,2026,2026-01,DEPT-01,PERS,8178.7
2026,5,2,2026,2026-02,DEPT-01,PERS,7288.4
2026,6,3,2026,2026-03,DEPT-01,PERS,8963.0
2026,7,4,2026,2026-04,DEPT-01,PERS,9412.1
2026,8,5,2026,2026-05,DEPT-01,PERS,9340.8
2026,1,10,2025,2025-10,DEPT-01,OPS,2117.1
2026,2,11,2025,2025-11,DEPT-01,OPS,2463.1
2026,3,12,2025,2025-12,DEPT-01,OPS,2800.9
2026,4,1,2026,2026-01,DEPT-01,OPS,3205.9
2026,5,2,2026,2026-02,DEPT-01,OPS,3222.6
2026,6,3,2026,2026-03,DEPT-01,OPS,3867.9
2026,7,4,2026,2026-04,DEPT-01,OPS,3637.6
2026,8,5,2026,2026-05,DEPT-01,OPS,4483.4
2026,1,10,2025,2025-10,DEPT-01,CAP,1048.6
2026,2,11,2025,2025-11,DEPT-01,CAP,1351.3
2026,3,12,2025,2025-12,DEPT-01,CAP,1589.2
2026,4,1,2026,2026-01,DEPT-01,CAP,1992.4
2026,5,2,2026,2026-02,DEPT-01,CAP,1981.1
2026,6,3,2026,2026-03,DEPT-01,CAP,2023.9
2026,7,4,2026,2026-04,DEPT-01,CAP,2274.7
2026,8,5,2026,2026-05,DEPT-01,CAP,1925.7
2026,1,10,2025,2025-10,DEPT-01,GRANTS,920.5
2026,2,11,2025,2025-11,DEPT-01,GRANTS,1309.3
2026,3,12,2025,2025-12,DEPT-01,GRANTS,1348.3
2026,4,1,2026,2026-01,DEPT-01,GRANTS,1444.6
2026,5,2,2026,2026-02,DEPT-01,GRANTS,1606.9
2026,6,3,2026,2026-03,DEPT-01,GRANTS,1759.7
2026,7,4,2026,2026-04,DEPT-01,GRANTS,1465.9
2026,8,5,2026,2026-05,DEPT-01,GRANTS,1598.7
2026,1,10,2025,2025-10,DEPT-01,CONTR,512.3
2026,2,11,2025,2025-11,DEPT-01,CONTR,580.6
2026,3,12,2025,2025-12,DEPT-01,CONTR,804.2
2026,4,1,2026,2026-01,DEPT-01,CONTR,764.0
2026,5,2,2026,2026-02,DEPT-01,CONTR,709.8
2026,6,3,2026,2026-03,DEPT-01,CONTR,804.9
2026,7,4,2026,2026-04,DEPT-01,CONTR,742.4
2026,8,5,2026,2026-05,DEPT-01,CONTR,988.9
2019,1,10,2018,2018-10,DEPT-02,PERS,6227.7
2019,2,11,2018,2018-11,DEPT-02,PERS,7465.6
2019,3,12,2018,2018-12,DEPT-02,PERS,9921.4
2019,4,1,2019,2019-01,DEPT-02,PERS,10778.8
2019,5,2,2019,2019-02,DEPT-02,PERS,10394.6
2019,6,3,2019,2019-03,DEPT-02,PERS,9321.1
2019,7,4,2019,2019-04,DEPT-02,PERS,12533.1
2019,8,5,2019,2019-05,DEPT-02,PERS,13207.7
2019,9,6,2019,2019-06,DEPT-02,PERS,13678.8
2019,10,7,2019,2019-07,DEPT-02,PERS,15912.0
2019,11,8,2019,2019-08,DEPT-02,PERS,14652.9
2019,12,9,2019,2019-09,DEPT-02,PERS,23648.0
2019,1,10,2018,2018-10,DEPT-02,OPS,1911.0
2019,2,11,2018,2018-11,DEPT-02,OPS,2681.4
2019,3,12,2018,2018-12,DEPT-02,OPS,2586.2
2019,4,1,2019,2019-01,DEPT-02,OPS,2980.1
2019,5,2,2019,2019-02,DEPT-02,OPS,3868.2
2019,6,3,2019,2019-03,DEPT-02,OPS,3602.9
2019,7,4,2019,2019-04,DEPT-02,OPS,4172.4
2019,8,5,2019,2019-05,DEPT-02,OPS,4218.2
2019,9,6,2019,2019-06,DEPT-02,OPS,4333.0
2019,10,7,2019,2019-07,DEPT-02,OPS,5356.6
2019,11,8,2019,2019-08,DEPT-02,OPS,5189.5
2019,12,9,2019,2019-09,DEPT-02,OPS,5719.4
2019,1,10,2018,2018-10,DEPT-02,CAP,1145.1
2019,2,11,2018,2018-11,DEPT-02,CAP,1561.7
2019,3,12,2018,2018-12,DEPT-02,CAP,1823.6
2019,4,1,2019,2019-01,DEPT-02,CAP,1665.0
2019,5,2,2019,2019-02,DEPT-02,CAP,1921.4
2019,6,3,2019,2019-03,DEPT-02,CAP,2074.3
2019,7,4,2019,2019-04,DEPT-02,CAP,2244.0
2019,8,5,2019,2019-05,DEPT-02,CAP,2178.1
2019,9,6,2019,2019-06,DEPT-02,CAP,2453.6
2019,10,7,2019,2019-07,DEPT-02,CAP,2689.0
2019,11,8,2019,2019-08,DEPT-02,CAP,3320.4
2019,12,9,2019,2019-09,DEPT-02,CAP,4198.5
2019,1,10,2018,2018-10,DEPT-02,GRANTS,626.3
2019,2,11,2018,2018-11,DEPT-02,GRANTS,750.3
2019,3,12,2018,2018-12,DEPT-02,GRANTS,925.7
2019,4,1,2019,2019-01,DEPT-02,GRANTS,921.4
2019,5,2,2019,2019-02,DEPT-02,GRANTS,959.3
2019,6,3,2019,2019-03,DEPT-02,GRANTS,1041.9
2019,7,4,2019,2019-04,DEPT-02,GRANTS,1136.3
2019,8,5,2019,2019-05,DEPT-02,GRANTS,1149.5
2019,9,6,2019,2019-06,DEPT-02,GRANTS,1355.2
2019,10,7,2019,2019-07,DEPT-02,GRANTS,1565.1
2019,11,8,2019,2019-08,DEPT-02,GRANTS,1413.9
2019,12,9,2019,2019-09,DEPT-02,GRANTS,2046.2
2019,1,10,2018,2018-10,DEPT-02,CONTR,522.1
2019,2,11,2018,2018-11,DEPT-02,CONTR,667.3
2019,3,12,2018,2018-12,DEPT-02,CONTR,766.9
2019,4,1,2019,2019-01,DEPT-02,CONTR,730.6
2019,5,2,2019,2019-02,DEPT-02,CONTR,796.3
2019,6,3,2019,2019-03,DEPT-02,CONTR,947.1
2019,7,4,2019,2019-04,DEPT-02,CONTR,1086.5
2019,8,5,2019,2019-05,DEPT-02,CONTR,874.7
2019,9,6,2019,2019-06,DEPT-02,CONTR,1153.0
2019,10,7,2019,2019-07,DEPT-02,CONTR,1358.1
2019,11,8,2019,2019-08,DEPT-02,CONTR,1341.6
2019,12,9,2019,2019-09,DEPT-02,CONTR,1787.9
2020,1,10,2019,2019-10,DEPT-02,PERS,6092.1
2020,2,11,2019,2019-11,DEPT-02,PERS,7814.3
2020,3,12,2019,2019-12,DEPT-02,PERS,8115.1
2020,4,1,2020,2020-01,DEPT-02,PERS,8158.2
2020,5,2,2020,2020-02,DEPT-02,PERS,11570.1
2020,6,3,2020,2020-03,DEPT-02,PERS,10571.6
2020,7,4,2020,2020-04,DEPT-02,PERS,11748.8
2020,8,5,2020,2020-05,DEPT-02,PERS,11478.4
2020,9,6,2020,2020-06,DEPT-02,PERS,12090.4
2020,10,7,2020,2020-07,DEPT-02,PERS,14852.6
2020,11,8,2020,2020-08,DEPT-02,PERS,15533.7
2020,12,9,2020,2020-09,DEPT-02,PERS,21429.0
2020,1,10,2019,2019-10,DEPT-02,OPS,2207.5
2020,2,11,2019,2019-11,DEPT-02,OPS,2670.6
2020,3,12,2019,2019-12,DEPT-02,OPS,3135.9
2020,4,1,2020,2020-01,DEPT-02,OPS,3732.2
2020,5,2,2020,2020-02,DEPT-02,OPS,3247.3
2020,6,3,2020,2020-03,DEPT-02,OPS,3770.6
2020,7,4,2020,2020-04,DEPT-02,OPS,4388.6
2020,8,5,2020,2020-05,DEPT-02,OPS,4691.7
2020,9,6,2020,2020-06,DEPT-02,OPS,3985.9
2020,10,7,2020,2020-07,DEPT-02,OPS,4846.6
2020,11,8,2020,2020-08,DEPT-02,OPS,6035.7
2020,12,9,2020,2020-09,DEPT-02,OPS,7143.5
2020,1,10,2019,2019-10,DEPT-02,CAP,1304.0
2020,2,11,2019,2019-11,DEPT-02,CAP,1541.9
2020,3,12,2019,2019-12,DEPT-02,CAP,1797.6
2020,4,1,2020,2020-01,DEPT-02,CAP,2043.3
2020,5,2,2020,2020-02,DEPT-02,CAP,2096.7
2020,6,3,2020,2020-03,DEPT-02,CAP,2274.8
2020,7,4,2020,2020-04,DEPT-02,CAP,2440.4
2020,8,5,2020,2020-05,DEPT-02,CAP,2428.6
2020,9,6,2020,2020-06,DEPT-02,CAP,2825.9
2020,10,7,2020,2020-07,DEPT-02,CAP,3694.3
2020,11,8,2020,2020-08,DEPT-02,CAP,2814.7
2020,12,9,2020,2020-09,DEPT-02,CAP,4244.3
2020,1,10,2019,2019-10,DEPT-02,GRANTS,766.9
2020,2,11,2019,2019-11,DEPT-02,GRANTS,1044.2
2020,3,12,2019,2019-12,DEPT-02,GRANTS,1183.9
2020,4,1,2020,2020-01,DEPT-02,GRANTS,1347.7
2020,5,2,2020,2020-02,DEPT-02,GRANTS,1489.0
2020,6,3,2020,2020-03,DEPT-02,GRANTS,1474.1
2020,7,4,2020,2020-04,DEPT-02,GRANTS,1682.2
2020,8,5,2020,2020-05,DEPT-02,GRANTS,1326.9
2020,9,6,2020,2020-06,DEPT-02,GRANTS,1943.3
2020,10,7,2020,2020-07,DEPT-02,GRANTS,1962.6
2020,11,8,2020,2020-08,DEPT-02,GRANTS,2266.8
2020,12,9,2020,2020-09,DEPT-02,GRANTS,2374.5
2020,1,10,2019,2019-10,DEPT-02,CONTR,563.2
2020,2,11,2019,2019-11,DEPT-02,CONTR,746.0
2020,3,12,2019,2019-12,DEPT-02,CONTR,870.3
2020,4,1,2020,2020-01,DEPT-02,CONTR,959.8
2020,5,2,2020,2020-02,DEPT-02,CONTR,1092.8
2020,6,3,2020,2020-03,DEPT-02,CONTR,921.1
2020,7,4,2020,2020-04,DEPT-02,CONTR,1228.4
2020,8,5,2020,2020-05,DEPT-02,CONTR,1207.5
2020,9,6,2020,2020-06,DEPT-02,CONTR,1253.0
2020,10,7,2020,2020-07,DEPT-02,CONTR,1242.1
2020,11,8,2020,2020-08,DEPT-02,CONTR,1603.9
2020,12,9,2020,2020-09,DEPT-02,CONTR,1568.7
2021,1,10,2020,2020-10,DEPT-02,PERS,6204.1
2021,2,11,2020,2020-11,DEPT-02,PERS,6348.3
2021,3,12,2020,2020-12,DEPT-02,PERS,8555.9
2021,4,1,2021,2021-01,DEPT-02,PERS,9087.4
2021,5,2,2021,2021-02,DEPT-02,PERS,10749.9
2021,6,3,2021,2021-03,DEPT-02,PERS,10335.7
2021,7,4,2021,2021-04,DEPT-02,PERS,10522.2
2021,8,5,2021,2021-05,DEPT-02,PERS,11318.1
2021,9,6,2021,2021-06,DEPT-02,PERS,13719.5
2021,10,7,2021,2021-07,DEPT-02,PERS,14352.7
2021,11,8,2021,2021-08,DEPT-02,PERS,14607.9
2021,12,9,2021,2021-09,DEPT-02,PERS,18645.5
2021,1,10,2020,2020-10,DEPT-02,OPS,1987.5
2021,2,11,2020,2020-11,DEPT-02,OPS,2863.7
2021,3,12,2020,2020-12,DEPT-02,OPS,2820.3
2021,4,1,2021,2021-01,DEPT-02,OPS,3747.5
2021,5,2,2021,2021-02,DEPT-02,OPS,3826.3
2021,6,3,2021,2021-03,DEPT-02,OPS,4811.3
2021,7,4,2021,2021-04,DEPT-02,OPS,3914.6
2021,8,5,2021,2021-05,DEPT-02,OPS,4507.5
2021,9,6,2021,2021-06,DEPT-02,OPS,5487.5
2021,10,7,2021,2021-07,DEPT-02,OPS,5807.7
2021,11,8,2021,2021-08,DEPT-02,OPS,5483.8
2021,12,9,2021,2021-09,DEPT-02,OPS,7453.4
2021,1,10,2020,2020-10,DEPT-02,CAP,1519.2
2021,2,11,2020,2020-11,DEPT-02,CAP,1898.3
2021,3,12,2020,2020-12,DEPT-02,CAP,2071.4
2021,4,1,2021,2021-01,DEPT-02,CAP,2345.9
2021,5,2,2021,2021-02,DEPT-02,CAP,2207.9
2021,6,3,2021,2021-03,DEPT-02,CAP,2729.5
2021,7,4,2021,2021-04,DEPT-02,CAP,2972.4
2021,8,5,2021,2021-05,DEPT-02,CAP,2982.6
2021,9,6,2021,2021-06,DEPT-02,CAP,2792.3
2021,10,7,2021,2021-07,DEPT-02,CAP,3824.4
2021,11,8,2021,2021-08,DEPT-02,CAP,3994.9
2021,12,9,2021,2021-09,DEPT-02,CAP,4610.0
2021,1,10,2020,2020-10,DEPT-02,GRANTS,716.9
2021,2,11,2020,2020-11,DEPT-02,GRANTS,788.7
2021,3,12,2020,2020-12,DEPT-02,GRANTS,972.4
2021,4,1,2021,2021-01,DEPT-02,GRANTS,1091.7
2021,5,2,2021,2021-02,DEPT-02,GRANTS,1342.3
2021,6,3,2021,2021-03,DEPT-02,GRANTS,1237.0
2021,7,4,2021,2021-04,DEPT-02,GRANTS,1456.1
2021,8,5,2021,2021-05,DEPT-02,GRANTS,1403.5
2021,9,6,2021,2021-06,DEPT-02,GRANTS,1578.9
2021,10,7,2021,2021-07,DEPT-02,GRANTS,1691.8
2021,11,8,2021,2021-08,DEPT-02,GRANTS,2005.0
2021,12,9,2021,2021-09,DEPT-02,GRANTS,2261.9
2021,1,10,2020,2020-10,DEPT-02,CONTR,477.9
2021,2,11,2020,2020-11,DEPT-02,CONTR,594.3
2021,3,12,2020,2020-12,DEPT-02,CONTR,756.1
2021,4,1,2021,2021-01,DEPT-02,CONTR,765.4
2021,5,2,2021,2021-02,DEPT-02,CONTR,941.1
2021,6,3,2021,2021-03,DEPT-02,CONTR,935.7
2021,7,4,2021,2021-04,DEPT-02,CONTR,1228.8
2021,8,5,2021,2021-05,DEPT-02,CONTR,941.4
2021,9,6,2021,2021-06,DEPT-02,CONTR,1173.0
2021,10,7,2021,2021-07,DEPT-02,CONTR,1160.5
2021,11,8,2021,2021-08,DEPT-02,CONTR,1342.0
2021,12,9,2021,2021-09,DEPT-02,CONTR,1781.5
2022,1,10,2021,2021-10,DEPT-02,PERS,5112.9
2022,2,11,2021,2021-11,DEPT-02,PERS,7822.8
2022,3,12,2021,2021-12,DEPT-02,PERS,10454.4
2022,4,1,2022,2022-01,DEPT-02,PERS,9416.7
2022,5,2,2022,2022-02,DEPT-02,PERS,10686.7
2022,6,3,2022,2022-03,DEPT-02,PERS,12082.7
2022,7,4,2022,2022-04,DEPT-02,PERS,11709.3
2022,8,5,2022,2022-05,DEPT-02,PERS,11979.0
2022,9,6,2022,2022-06,DEPT-02,PERS,10846.6
2022,10,7,2022,2022-07,DEPT-02,PERS,15408.3
2022,11,8,2022,2022-08,DEPT-02,PERS,15907.3
2022,12,9,2022,2022-09,DEPT-02,PERS,18600.5
2022,1,10,2021,2021-10,DEPT-02,OPS,2492.0
2022,2,11,2021,2021-11,DEPT-02,OPS,2874.5
2022,3,12,2021,2021-12,DEPT-02,OPS,3412.8
2022,4,1,2022,2022-01,DEPT-02,OPS,4023.7
2022,5,2,2022,2022-02,DEPT-02,OPS,3671.5
2022,6,3,2022,2022-03,DEPT-02,OPS,4753.3
2022,7,4,2022,2022-04,DEPT-02,OPS,4138.9
2022,8,5,2022,2022-05,DEPT-02,OPS,4672.5
2022,9,6,2022,2022-06,DEPT-02,OPS,6009.4
2022,10,7,2022,2022-07,DEPT-02,OPS,6275.5
2022,11,8,2022,2022-08,DEPT-02,OPS,6353.8
2022,12,9,2022,2022-09,DEPT-02,OPS,7351.2
2022,1,10,2021,2021-10,DEPT-02,CAP,1459.2
2022,2,11,2021,2021-11,DEPT-02,CAP,1873.2
2022,3,12,2021,2021-12,DEPT-02,CAP,2207.5
2022,4,1,2022,2022-01,DEPT-02,CAP,2352.9
2022,5,2,2022,2022-02,DEPT-02,CAP,2533.2
2022,6,3,2022,2022-03,DEPT-02,CAP,2662.3
2022,7,4,2022,2022-04,DEPT-02,CAP,2546.0
2022,8,5,2022,2022-05,DEPT-02,CAP,2921.4
2022,9,6,2022,2022-06,DEPT-02,CAP,3452.0
2022,10,7,2022,2022-07,DEPT-02,CAP,3166.0
2022,11,8,2022,2022-08,DEPT-02,CAP,3834.8
2022,12,9,2022,2022-09,DEPT-02,CAP,4587.6
2022,1,10,2021,2021-10,DEPT-02,GRANTS,901.3
2022,2,11,2021,2021-11,DEPT-02,GRANTS,1057.9
2022,3,12,2021,2021-12,DEPT-02,GRANTS,1442.9
2022,4,1,2022,2022-01,DEPT-02,GRANTS,1445.9
2022,5,2,2022,2022-02,DEPT-02,GRANTS,1332.6
2022,6,3,2022,2022-03,DEPT-02,GRANTS,1673.4
2022,7,4,2022,2022-04,DEPT-02,GRANTS,1582.8
2022,8,5,2022,2022-05,DEPT-02,GRANTS,1704.2
2022,9,6,2022,2022-06,DEPT-02,GRANTS,1933.3
2022,10,7,2022,2022-07,DEPT-02,GRANTS,2002.4
2022,11,8,2022,2022-08,DEPT-02,GRANTS,2446.0
2022,12,9,2022,2022-09,DEPT-02,GRANTS,2700.2
2022,1,10,2021,2021-10,DEPT-02,CONTR,559.1
2022,2,11,2021,2021-11,DEPT-02,CONTR,681.2
2022,3,12,2021,2021-12,DEPT-02,CONTR,811.3
2022,4,1,2022,2022-01,DEPT-02,CONTR,995.5
2022,5,2,2022,2022-02,DEPT-02,CONTR,1029.8
2022,6,3,2022,2022-03,DEPT-02,CONTR,1188.9
2022,7,4,2022,2022-04,DEPT-02,CONTR,1312.7
2022,8,5,2022,2022-05,DEPT-02,CONTR,1079.5
2022,9,6,2022,2022-06,DEPT-02,CONTR,1248.9
2022,10,7,2022,2022-07,DEPT-02,CONTR,1243.4
2022,11,8,2022,2022-08,DEPT-02,CONTR,1409.8
2022,12,9,2022,2022-09,DEPT-02,CONTR,1800.0
2023,1,10,2022,2022-10,DEPT-02,PERS,6877.9
2023,2,11,2022,2022-11,DEPT-02,PERS,8410.2
2023,3,12,2022,2022-12,DEPT-02,PERS,10727.4
2023,4,1,2023,2023-01,DEPT-02,PERS,10549.8
2023,5,2,2023,2023-02,DEPT-02,PERS,13365.9
2023,6,3,2023,2023-03,DEPT-02,PERS,12376.4
2023,7,4,2023,2023-04,DEPT-02,PERS,17381.8
2023,8,5,2023,2023-05,DEPT-02,PERS,14484.1
2023,9,6,2023,2023-06,DEPT-02,PERS,15952.9
2023,10,7,2023,2023-07,DEPT-02,PERS,15714.5
2023,11,8,2023,2023-08,DEPT-02,PERS,21821.5
2023,12,9,2023,2023-09,DEPT-02,PERS,26377.9
2023,1,10,2022,2022-10,DEPT-02,OPS,2548.8
2023,2,11,2022,2022-11,DEPT-02,OPS,2715.1
2023,3,12,2022,2022-12,DEPT-02,OPS,3656.9
2023,4,1,2023,2023-01,DEPT-02,OPS,3525.4
2023,5,2,2023,2023-02,DEPT-02,OPS,4635.0
2023,6,3,2023,2023-03,DEPT-02,OPS,4712.7
2023,7,4,2023,2023-04,DEPT-02,OPS,4738.7
2023,8,5,2023,2023-05,DEPT-02,OPS,4008.9
2023,9,6,2023,2023-06,DEPT-02,OPS,4842.5
2023,10,7,2023,2023-07,DEPT-02,OPS,6128.9
2023,11,8,2023,2023-08,DEPT-02,OPS,6979.9
2023,12,9,2023,2023-09,DEPT-02,OPS,8734.2
2023,1,10,2022,2022-10,DEPT-02,CAP,1439.8
2023,2,11,2022,2022-11,DEPT-02,CAP,2065.2
2023,3,12,2022,2022-12,DEPT-02,CAP,2576.9
2023,4,1,2023,2023-01,DEPT-02,CAP,2226.1
2023,5,2,2023,2023-02,DEPT-02,CAP,2748.2
2023,6,3,2023,2023-03,DEPT-02,CAP,2997.5
2023,7,4,2023,2023-04,DEPT-02,CAP,3041.6
2023,8,5,2023,2023-05,DEPT-02,CAP,2810.9
2023,9,6,2023,2023-06,DEPT-02,CAP,3392.4
2023,10,7,2023,2023-07,DEPT-02,CAP,3749.0
2023,11,8,2023,2023-08,DEPT-02,CAP,4166.6
2023,12,9,2023,2023-09,DEPT-02,CAP,5076.8
2023,1,10,2022,2022-10,DEPT-02,GRANTS,815.4
2023,2,11,2022,2022-11,DEPT-02,GRANTS,1029.9
2023,3,12,2022,2022-12,DEPT-02,GRANTS,1264.2
2023,4,1,2023,2023-01,DEPT-02,GRANTS,1282.9
2023,5,2,2023,2023-02,DEPT-02,GRANTS,1362.7
2023,6,3,2023,2023-03,DEPT-02,GRANTS,1513.9
2023,7,4,2023,2023-04,DEPT-02,GRANTS,1351.3
2023,8,5,2023,2023-05,DEPT-02,GRANTS,1755.2
2023,9,6,2023,2023-06,DEPT-02,GRANTS,1784.5
2023,10,7,2023,2023-07,DEPT-02,GRANTS,1978.7
2023,11,8,2023,2023-08,DEPT-02,GRANTS,2326.3
2023,12,9,2023,2023-09,DEPT-02,GRANTS,2298.3
2023,1,10,2022,2022-10,DEPT-02,CONTR,568.8
2023,2,11,2022,2022-11,DEPT-02,CONTR,843.6
2023,3,12,2022,2022-12,DEPT-02,CONTR,975.1
2023,4,1,2023,2023-01,DEPT-02,CONTR,1065.0
2023,5,2,2023,2023-02,DEPT-02,CONTR,1084.1
2023,6,3,2023,2023-03,DEPT-02,CONTR,1264.6
2023,7,4,2023,2023-04,DEPT-02,CONTR,1371.0
2023,8,5,2023,2023-05,DEPT-02,CONTR,1403.2
2023,9,6,2023,2023-06,DEPT-02,CONTR,1396.2
2023,10,7,2023,2023-07,DEPT-02,CONTR,1310.3
2023,11,8,2023,2023-08,DEPT-02,CONTR,1832.4
2023,12,9,2023,2023-09,DEPT-02,CONTR,2389.2
2024,1,10,2023,2023-10,DEPT-02,PERS,8155.6
2024,2,11,2023,2023-11,DEPT-02,PERS,8812.1
2024,3,12,2023,2023-12,DEPT-02,PERS,11806.5
2024,4,1,2024,2024-01,DEPT-02,PERS,12894.9
2024,5,2,2024,2024-02,DEPT-02,PERS,14538.1
2024,6,3,2024,2024-03,DEPT-02,PERS,12821.5
2024,7,4,2024,2024-04,DEPT-02,PERS,14384.2
2024,8,5,2024,2024-05,DEPT-02,PERS,16438.7
2024,9,6,2024,2024-06,DEPT-02,PERS,16448.3
2024,10,7,2024,2024-07,DEPT-02,PERS,16479.0
2024,11,8,2024,2024-08,DEPT-02,PERS,20477.5
2024,12,9,2024,2024-09,DEPT-02,PERS,26147.4
2024,1,10,2023,2023-10,DEPT-02,OPS,3005.0
2024,2,11,2023,2023-11,DEPT-02,OPS,3711.2
2024,3,12,2023,2023-12,DEPT-02,OPS,4221.0
2024,4,1,2024,2024-01,DEPT-02,OPS,5190.7
2024,5,2,2024,2024-02,DEPT-02,OPS,4615.0
2024,6,3,2024,2024-03,DEPT-02,OPS,5055.6
2024,7,4,2024,2024-04,DEPT-02,OPS,5641.4
2024,8,5,2024,2024-05,DEPT-02,OPS,6387.6
2024,9,6,2024,2024-06,DEPT-02,OPS,5544.9
2024,10,7,2024,2024-07,DEPT-02,OPS,6232.8
2024,11,8,2024,2024-08,DEPT-02,OPS,6382.6
2024,12,9,2024,2024-09,DEPT-02,OPS,9640.3
2024,1,10,2023,2023-10,DEPT-02,CAP,1639.9
2024,2,11,2023,2023-11,DEPT-02,CAP,2133.6
2024,3,12,2023,2023-12,DEPT-02,CAP,2739.2
2024,4,1,2024,2024-01,DEPT-02,CAP,2657.8
2024,5,2,2024,2024-02,DEPT-02,CAP,3057.3
2024,6,3,2024,2024-03,DEPT-02,CAP,3125.2
2024,7,4,2024,2024-04,DEPT-02,CAP,3584.9
2024,8,5,2024,2024-05,DEPT-02,CAP,3739.0
2024,9,6,2024,2024-06,DEPT-02,CAP,3591.7
2024,10,7,2024,2024-07,DEPT-02,CAP,4145.7
2024,11,8,2024,2024-08,DEPT-02,CAP,4987.0
2024,12,9,2024,2024-09,DEPT-02,CAP,5986.0
2024,1,10,2023,2023-10,DEPT-02,GRANTS,841.4
2024,2,11,2023,2023-11,DEPT-02,GRANTS,1218.5
2024,3,12,2023,2023-12,DEPT-02,GRANTS,1249.6
2024,4,1,2024,2024-01,DEPT-02,GRANTS,1640.1
2024,5,2,2024,2024-02,DEPT-02,GRANTS,1708.2
2024,6,3,2024,2024-03,DEPT-02,GRANTS,1723.1
2024,7,4,2024,2024-04,DEPT-02,GRANTS,1811.9
2024,8,5,2024,2024-05,DEPT-02,GRANTS,1862.9
2024,9,6,2024,2024-06,DEPT-02,GRANTS,2108.4
2024,10,7,2024,2024-07,DEPT-02,GRANTS,2144.8
2024,11,8,2024,2024-08,DEPT-02,GRANTS,2466.5
2024,12,9,2024,2024-09,DEPT-02,GRANTS,3265.3
2024,1,10,2023,2023-10,DEPT-02,CONTR,668.8
2024,2,11,2023,2023-11,DEPT-02,CONTR,813.7
2024,3,12,2023,2023-12,DEPT-02,CONTR,914.9
2024,4,1,2024,2024-01,DEPT-02,CONTR,996.6
2024,5,2,2024,2024-02,DEPT-02,CONTR,996.4
2024,6,3,2024,2024-03,DEPT-02,CONTR,1317.6
2024,7,4,2024,2024-04,DEPT-02,CONTR,1514.2
2024,8,5,2024,2024-05,DEPT-02,CONTR,1560.3
2024,9,6,2024,2024-06,DEPT-02,CONTR,1286.1
2024,10,7,2024,2024-07,DEPT-02,CONTR,1728.7
2024,11,8,2024,2024-08,DEPT-02,CONTR,1993.2
2024,12,9,2024,2024-09,DEPT-02,CONTR,2174.0
2025,1,10,2024,2024-10,DEPT-02,PERS,8312.7
2025,2,11,2024,2024-11,DEPT-02,PERS,8459.3
2025,3,12,2024,2024-12,DEPT-02,PERS,12164.7
2025,4,1,2025,2025-01,DEPT-02,PERS,11735.4
2025,5,2,2025,2025-02,DEPT-02,PERS,13962.5
2025,6,3,2025,2025-03,DEPT-02,PERS,12828.3
2025,7,4,2025,2025-04,DEPT-02,PERS,16251.8
2025,8,5,2025,2025-05,DEPT-02,PERS,17843.2
2025,9,6,2025,2025-06,DEPT-02,PERS,16317.1
2025,10,7,2025,2025-07,DEPT-02,PERS,17490.2
2025,11,8,2025,2025-08,DEPT-02,PERS,17437.9
2025,12,9,2025,2025-09,DEPT-02,PERS,26003.5
2025,1,10,2024,2024-10,DEPT-02,OPS,2696.6
2025,2,11,2024,2024-11,DEPT-02,OPS,3027.8
2025,3,12,2024,2024-12,DEPT-02,OPS,4233.3
2025,4,1,2025,2025-01,DEPT-02,OPS,4241.1
2025,5,2,2025,2025-02,DEPT-02,OPS,4308.1
2025,6,3,2025,2025-03,DEPT-02,OPS,4804.9
2025,7,4,2025,2025-04,DEPT-02,OPS,5800.1
2025,8,5,2025,2025-05,DEPT-02,OPS,5929.3
2025,9,6,2025,2025-06,DEPT-02,OPS,5908.6
2025,10,7,2025,2025-07,DEPT-02,OPS,6926.0
2025,11,8,2025,2025-08,DEPT-02,OPS,6556.4
2025,12,9,2025,2025-09,DEPT-02,OPS,9136.8
2025,1,10,2024,2024-10,DEPT-02,CAP,1869.1
2025,2,11,2024,2024-11,DEPT-02,CAP,2173.0
2025,3,12,2024,2024-12,DEPT-02,CAP,2761.3
2025,4,1,2025,2025-01,DEPT-02,CAP,2694.2
2025,5,2,2025,2025-02,DEPT-02,CAP,3204.5
2025,6,3,2025,2025-03,DEPT-02,CAP,3429.1
2025,7,4,2025,2025-04,DEPT-02,CAP,2675.1
2025,8,5,2025,2025-05,DEPT-02,CAP,4046.5
2025,9,6,2025,2025-06,DEPT-02,CAP,2949.1
2025,10,7,2025,2025-07,DEPT-02,CAP,4098.0
2025,11,8,2025,2025-08,DEPT-02,CAP,5108.2
2025,12,9,2025,2025-09,DEPT-02,CAP,5801.4
2025,1,10,2024,2024-10,DEPT-02,GRANTS,985.9
2025,2,11,2024,2024-11,DEPT-02,GRANTS,1245.7
2025,3,12,2024,2024-12,DEPT-02,GRANTS,1745.9
2025,4,1,2025,2025-01,DEPT-02,GRANTS,1470.3
2025,5,2,2025,2025-02,DEPT-02,GRANTS,2029.7
2025,6,3,2025,2025-03,DEPT-02,GRANTS,1976.9
2025,7,4,2025,2025-04,DEPT-02,GRANTS,1908.5
2025,8,5,2025,2025-05,DEPT-02,GRANTS,2129.6
2025,9,6,2025,2025-06,DEPT-02,GRANTS,2166.1
2025,10,7,2025,2025-07,DEPT-02,GRANTS,2786.7
2025,11,8,2025,2025-08,DEPT-02,GRANTS,3021.6
2025,12,9,2025,2025-09,DEPT-02,GRANTS,3104.0
2025,1,10,2024,2024-10,DEPT-02,CONTR,600.7
2025,2,11,2024,2024-11,DEPT-02,CONTR,706.3
2025,3,12,2024,2024-12,DEPT-02,CONTR,989.4
2025,4,1,2025,2025-01,DEPT-02,CONTR,861.3
2025,5,2,2025,2025-02,DEPT-02,CONTR,1167.4
2025,6,3,2025,2025-03,DEPT-02,CONTR,1100.6
2025,7,4,2025,2025-04,DEPT-02,CONTR,1063.5
2025,8,5,2025,2025-05,DEPT-02,CONTR,1174.2
2025,9,6,2025,2025-06,DEPT-02,CONTR,1226.4
2025,10,7,2025,2025-07,DEPT-02,CONTR,1300.7
2025,11,8,2025,2025-08,DEPT-02,CONTR,1598.4
2025,12,9,2025,2025-09,DEPT-02,CONTR,1803.7
2026,1,10,2025,2025-10,DEPT-02,PERS,7530.6
2026,2,11,2025,2025-11,DEPT-02,PERS,10810.2
2026,3,12,2025,2025-12,DEPT-02,PERS,11275.5
2026,4,1,2026,2026-01,DEPT-02,PERS,13335.6
2026,5,2,2026,2026-02,DEPT-02,PERS,14097.2
2026,6,3,2026,2026-03,DEPT-02,PERS,15086.2
2026,7,4,2026,2026-04,DEPT-02,PERS,19988.1
2026,8,5,2026,2026-05,DEPT-02,PERS,18325.8
2026,1,10,2025,2025-10,DEPT-02,OPS,3210.7
2026,2,11,2025,2025-11,DEPT-02,OPS,3301.7
2026,3,12,2025,2025-12,DEPT-02,OPS,4310.4
2026,4,1,2026,2026-01,DEPT-02,OPS,4982.6
2026,5,2,2026,2026-02,DEPT-02,OPS,4818.0
2026,6,3,2026,2026-03,DEPT-02,OPS,6004.7
2026,7,4,2026,2026-04,DEPT-02,OPS,5375.6
2026,8,5,2026,2026-05,DEPT-02,OPS,6153.5
2026,1,10,2025,2025-10,DEPT-02,CAP,1943.7
2026,2,11,2025,2025-11,DEPT-02,CAP,2525.3
2026,3,12,2025,2025-12,DEPT-02,CAP,2794.7
2026,4,1,2026,2026-01,DEPT-02,CAP,3103.5
2026,5,2,2026,2026-02,DEPT-02,CAP,3334.7
2026,6,3,2026,2026-03,DEPT-02,CAP,3412.5
2026,7,4,2026,2026-04,DEPT-02,CAP,4001.5
2026,8,5,2026,2026-05,DEPT-02,CAP,4156.4
2026,1,10,2025,2025-10,DEPT-02,GRANTS,1126.0
2026,2,11,2025,2025-11,DEPT-02,GRANTS,1338.4
2026,3,12,2025,2025-12,DEPT-02,GRANTS,1742.5
2026,4,1,2026,2026-01,DEPT-02,GRANTS,1730.9
2026,5,2,2026,2026-02,DEPT-02,GRANTS,1843.8
2026,6,3,2026,2026-03,DEPT-02,GRANTS,2033.0
2026,7,4,2026,2026-04,DEPT-02,GRANTS,2432.9
2026,8,5,2026,2026-05,DEPT-02,GRANTS,2025.0
2026,1,10,2025,2025-10,DEPT-02,CONTR,821.2
2026,2,11,2025,2025-11,DEPT-02,CONTR,802.2
2026,3,12,2025,2025-12,DEPT-02,CONTR,1136.8
2026,4,1,2026,2026-01,DEPT-02,CONTR,1354.9
2026,5,2,2026,2026-02,DEPT-02,CONTR,1339.6
2026,6,3,2026,2026-03,DEPT-02,CONTR,1394.0
2026,7,4,2026,2026-04,DEPT-02,CONTR,1395.6
2026,8,5,2026,2026-05,DEPT-02,CONTR,1550.9
2019,1,10,2018,2018-10,DEPT-03,PERS,3937.5
2019,2,11,2018,2018-11,DEPT-03,PERS,4602.7
2019,3,12,2018,2018-12,DEPT-03,PERS,5670.0
2019,4,1,2019,2019-01,DEPT-03,PERS,6350.3
2019,5,2,2019,2019-02,DEPT-03,PERS,6286.5
2019,6,3,2019,2019-03,DEPT-03,PERS,6683.3
2019,7,4,2019,2019-04,DEPT-03,PERS,6764.6
2019,8,5,2019,2019-05,DEPT-03,PERS,8288.3
2019,9,6,2019,2019-06,DEPT-03,PERS,8853.7
2019,10,7,2019,2019-07,DEPT-03,PERS,9550.4
2019,11,8,2019,2019-08,DEPT-03,PERS,11062.6
2019,12,9,2019,2019-09,DEPT-03,PERS,13039.7
2019,1,10,2018,2018-10,DEPT-03,OPS,1263.3
2019,2,11,2018,2018-11,DEPT-03,OPS,1533.4
2019,3,12,2018,2018-12,DEPT-03,OPS,1756.3
2019,4,1,2019,2019-01,DEPT-03,OPS,1824.4
2019,5,2,2019,2019-02,DEPT-03,OPS,2403.0
2019,6,3,2019,2019-03,DEPT-03,OPS,2098.8
2019,7,4,2019,2019-04,DEPT-03,OPS,2190.4
2019,8,5,2019,2019-05,DEPT-03,OPS,2534.8
2019,9,6,2019,2019-06,DEPT-03,OPS,2637.9
2019,10,7,2019,2019-07,DEPT-03,OPS,2536.8
2019,11,8,2019,2019-08,DEPT-03,OPS,3411.3
2019,12,9,2019,2019-09,DEPT-03,OPS,3917.0
2019,1,10,2018,2018-10,DEPT-03,CAP,549.4
2019,2,11,2018,2018-11,DEPT-03,CAP,807.0
2019,3,12,2018,2018-12,DEPT-03,CAP,914.5
2019,4,1,2019,2019-01,DEPT-03,CAP,843.0
2019,5,2,2019,2019-02,DEPT-03,CAP,1147.8
2019,6,3,2019,2019-03,DEPT-03,CAP,1128.4
2019,7,4,2019,2019-04,DEPT-03,CAP,1138.0
2019,8,5,2019,2019-05,DEPT-03,CAP,1359.3
2019,9,6,2019,2019-06,DEPT-03,CAP,1289.1
2019,10,7,2019,2019-07,DEPT-03,CAP,1403.7
2019,11,8,2019,2019-08,DEPT-03,CAP,1459.5
2019,12,9,2019,2019-09,DEPT-03,CAP,2033.2
2019,1,10,2018,2018-10,DEPT-03,GRANTS,538.9
2019,2,11,2018,2018-11,DEPT-03,GRANTS,635.2
2019,3,12,2018,2018-12,DEPT-03,GRANTS,702.4
2019,4,1,2019,2019-01,DEPT-03,GRANTS,815.9
2019,5,2,2019,2019-02,DEPT-03,GRANTS,860.3
2019,6,3,2019,2019-03,DEPT-03,GRANTS,824.4
2019,7,4,2019,2019-04,DEPT-03,GRANTS,865.1
2019,8,5,2019,2019-05,DEPT-03,GRANTS,1085.1
2019,9,6,2019,2019-06,DEPT-03,GRANTS,867.8
2019,10,7,2019,2019-07,DEPT-03,GRANTS,1231.1
2019,11,8,2019,2019-08,DEPT-03,GRANTS,1275.8
2019,12,9,2019,2019-09,DEPT-03,GRANTS,1847.7
2019,1,10,2018,2018-10,DEPT-03,CONTR,325.0
2019,2,11,2018,2018-11,DEPT-03,CONTR,435.3
2019,3,12,2018,2018-12,DEPT-03,CONTR,473.2
2019,4,1,2019,2019-01,DEPT-03,CONTR,531.1
2019,5,2,2019,2019-02,DEPT-03,CONTR,597.1
2019,6,3,2019,2019-03,DEPT-03,CONTR,579.2
2019,7,4,2019,2019-04,DEPT-03,CONTR,690.0
2019,8,5,2019,2019-05,DEPT-03,CONTR,622.8
2019,9,6,2019,2019-06,DEPT-03,CONTR,731.1
2019,10,7,2019,2019-07,DEPT-03,CONTR,847.7
2019,11,8,2019,2019-08,DEPT-03,CONTR,910.2
2019,12,9,2019,2019-09,DEPT-03,CONTR,1257.3
2020,1,10,2019,2019-10,DEPT-03,PERS,3542.0
2020,2,11,2019,2019-11,DEPT-03,PERS,4102.0
2020,3,12,2019,2019-12,DEPT-03,PERS,5015.5
2020,4,1,2020,2020-01,DEPT-03,PERS,6178.1
2020,5,2,2020,2020-02,DEPT-03,PERS,6537.7
2020,6,3,2020,2020-03,DEPT-03,PERS,6761.3
2020,7,4,2020,2020-04,DEPT-03,PERS,6485.4
2020,8,5,2020,2020-05,DEPT-03,PERS,8007.6
2020,9,6,2020,2020-06,DEPT-03,PERS,7183.6
2020,10,7,2020,2020-07,DEPT-03,PERS,9618.3
2020,11,8,2020,2020-08,DEPT-03,PERS,11844.2
2020,12,9,2020,2020-09,DEPT-03,PERS,12511.7
2020,1,10,2019,2019-10,DEPT-03,OPS,1585.9
2020,2,11,2019,2019-11,DEPT-03,OPS,1778.9
2020,3,12,2019,2019-12,DEPT-03,OPS,1871.7
2020,4,1,2020,2020-01,DEPT-03,OPS,2243.4
2020,5,2,2020,2020-02,DEPT-03,OPS,2304.6
2020,6,3,2020,2020-03,DEPT-03,OPS,2381.9
2020,7,4,2020,2020-04,DEPT-03,OPS,3256.4
2020,8,5,2020,2020-05,DEPT-03,OPS,3096.6
2020,9,6,2020,2020-06,DEPT-03,OPS,3296.0
2020,10,7,2020,2020-07,DEPT-03,OPS,3448.1
2020,11,8,2020,2020-08,DEPT-03,OPS,3818.7
2020,12,9,2020,2020-09,DEPT-03,OPS,5259.1
2020,1,10,2019,2019-10,DEPT-03,CAP,826.7
2020,2,11,2019,2019-11,DEPT-03,CAP,1056.1
2020,3,12,2019,2019-12,DEPT-03,CAP,1178.5
2020,4,1,2020,2020-01,DEPT-03,CAP,1254.1
2020,5,2,2020,2020-02,DEPT-03,CAP,1226.0
2020,6,3,2020,2020-03,DEPT-03,CAP,1240.4
2020,7,4,2020,2020-04,DEPT-03,CAP,1532.9
2020,8,5,2020,2020-05,DEPT-03,CAP,1665.3
2020,9,6,2020,2020-06,DEPT-03,CAP,1569.8
2020,10,7,2020,2020-07,DEPT-03,CAP,1928.7
2020,11,8,2020,2020-08,DEPT-03,CAP,2127.4
2020,12,9,2020,2020-09,DEPT-03,CAP,2210.2
2020,1,10,2019,2019-10,DEPT-03,GRANTS,484.2
2020,2,11,2019,2019-11,DEPT-03,GRANTS,659.3
2020,3,12,2019,2019-12,DEPT-03,GRANTS,778.0
2020,4,1,2020,2020-01,DEPT-03,GRANTS,737.6
2020,5,2,2020,2020-02,DEPT-03,GRANTS,881.7
2020,6,3,2020,2020-03,DEPT-03,GRANTS,1004.7
2020,7,4,2020,2020-04,DEPT-03,GRANTS,1048.1
2020,8,5,2020,2020-05,DEPT-03,GRANTS,1036.8
2020,9,6,2020,2020-06,DEPT-03,GRANTS,1061.6
2020,10,7,2020,2020-07,DEPT-03,GRANTS,1157.6
2020,11,8,2020,2020-08,DEPT-03,GRANTS,1385.0
2020,12,9,2020,2020-09,DEPT-03,GRANTS,1709.6
2020,1,10,2019,2019-10,DEPT-03,CONTR,395.9
2020,2,11,2019,2019-11,DEPT-03,CONTR,465.6
2020,3,12,2019,2019-12,DEPT-03,CONTR,580.1
2020,4,1,2020,2020-01,DEPT-03,CONTR,590.8
2020,5,2,2020,2020-02,DEPT-03,CONTR,667.7
2020,6,3,2020,2020-03,DEPT-03,CONTR,716.8
2020,7,4,2020,2020-04,DEPT-03,CONTR,666.2
2020,8,5,2020,2020-05,DEPT-03,CONTR,644.8
2020,9,6,2020,2020-06,DEPT-03,CONTR,894.0
2020,10,7,2020,2020-07,DEPT-03,CONTR,897.6
2020,11,8,2020,2020-08,DEPT-03,CONTR,831.1
2020,12,9,2020,2020-09,DEPT-03,CONTR,1145.2
2021,1,10,2020,2020-10,DEPT-03,PERS,4669.8
2021,2,11,2020,2020-11,DEPT-03,PERS,5255.3
2021,3,12,2020,2020-12,DEPT-03,PERS,6092.7
2021,4,1,2021,2021-01,DEPT-03,PERS,7608.3
2021,5,2,2021,2021-02,DEPT-03,PERS,6716.1
2021,6,3,2021,2021-03,DEPT-03,PERS,7319.7
2021,7,4,2021,2021-04,DEPT-03,PERS,8448.2
2021,8,5,2021,2021-05,DEPT-03,PERS,9071.1
2021,9,6,2021,2021-06,DEPT-03,PERS,9653.7
2021,10,7,2021,2021-07,DEPT-03,PERS,11010.5
2021,11,8,2021,2021-08,DEPT-03,PERS,11418.3
2021,12,9,2021,2021-09,DEPT-03,PERS,14726.7
2021,1,10,2020,2020-10,DEPT-03,OPS,1381.8
2021,2,11,2020,2020-11,DEPT-03,OPS,1733.2
2021,3,12,2020,2020-12,DEPT-03,OPS,2055.7
2021,4,1,2021,2021-01,DEPT-03,OPS,2232.7
2021,5,2,2021,2021-02,DEPT-03,OPS,2497.1
2021,6,3,2021,2021-03,DEPT-03,OPS,2619.9
2021,7,4,2021,2021-04,DEPT-03,OPS,2674.7
2021,8,5,2021,2021-05,DEPT-03,OPS,2639.4
2021,9,6,2021,2021-06,DEPT-03,OPS,2995.0
2021,10,7,2021,2021-07,DEPT-03,OPS,3285.0
2021,11,8,2021,2021-08,DEPT-03,OPS,3661.7
2021,12,9,2021,2021-09,DEPT-03,OPS,5349.3
2021,1,10,2020,2020-10,DEPT-03,CAP,698.4
2021,2,11,2020,2020-11,DEPT-03,CAP,921.0
2021,3,12,2020,2020-12,DEPT-03,CAP,1142.9
2021,4,1,2021,2021-01,DEPT-03,CAP,1142.7
2021,5,2,2021,2021-02,DEPT-03,CAP,1442.1
2021,6,3,2021,2021-03,DEPT-03,CAP,1256.6
2021,7,4,2021,2021-04,DEPT-03,CAP,1412.5
2021,8,5,2021,2021-05,DEPT-03,CAP,1364.6
2021,9,6,2021,2021-06,DEPT-03,CAP,1495.5
2021,10,7,2021,2021-07,DEPT-03,CAP,1734.6
2021,11,8,2021,2021-08,DEPT-03,CAP,1988.9
2021,12,9,2021,2021-09,DEPT-03,CAP,2408.7
2021,1,10,2020,2020-10,DEPT-03,GRANTS,600.9
2021,2,11,2020,2020-11,DEPT-03,GRANTS,662.1
2021,3,12,2020,2020-12,DEPT-03,GRANTS,767.6
2021,4,1,2021,2021-01,DEPT-03,GRANTS,1032.9
2021,5,2,2021,2021-02,DEPT-03,GRANTS,938.5
2021,6,3,2021,2021-03,DEPT-03,GRANTS,914.6
2021,7,4,2021,2021-04,DEPT-03,GRANTS,973.9
2021,8,5,2021,2021-05,DEPT-03,GRANTS,1009.5
2021,9,6,2021,2021-06,DEPT-03,GRANTS,1238.8
2021,10,7,2021,2021-07,DEPT-03,GRANTS,1236.6
2021,11,8,2021,2021-08,DEPT-03,GRANTS,1409.3
2021,12,9,2021,2021-09,DEPT-03,GRANTS,1750.1
2021,1,10,2020,2020-10,DEPT-03,CONTR,363.7
2021,2,11,2020,2020-11,DEPT-03,CONTR,391.5
2021,3,12,2020,2020-12,DEPT-03,CONTR,453.6
2021,4,1,2021,2021-01,DEPT-03,CONTR,544.1
2021,5,2,2021,2021-02,DEPT-03,CONTR,600.2
2021,6,3,2021,2021-03,DEPT-03,CONTR,627.1
2021,7,4,2021,2021-04,DEPT-03,CONTR,607.0
2021,8,5,2021,2021-05,DEPT-03,CONTR,724.5
2021,9,6,2021,2021-06,DEPT-03,CONTR,682.3
2021,10,7,2021,2021-07,DEPT-03,CONTR,768.3
2021,11,8,2021,2021-08,DEPT-03,CONTR,811.8
2021,12,9,2021,2021-09,DEPT-03,CONTR,1222.5
2022,1,10,2021,2021-10,DEPT-03,PERS,3956.8
2022,2,11,2021,2021-11,DEPT-03,PERS,4825.6
2022,3,12,2021,2021-12,DEPT-03,PERS,5982.4
2022,4,1,2022,2022-01,DEPT-03,PERS,7176.3
2022,5,2,2022,2022-02,DEPT-03,PERS,5418.3
2022,6,3,2022,2022-03,DEPT-03,PERS,6299.5
2022,7,4,2022,2022-04,DEPT-03,PERS,6762.8
2022,8,5,2022,2022-05,DEPT-03,PERS,7019.2
2022,9,6,2022,2022-06,DEPT-03,PERS,7265.0
2022,10,7,2022,2022-07,DEPT-03,PERS,8576.5
2022,11,8,2022,2022-08,DEPT-03,PERS,8687.4
2022,12,9,2022,2022-09,DEPT-03,PERS,12460.0
2022,1,10,2021,2021-10,DEPT-03,OPS,1547.6
2022,2,11,2021,2021-11,DEPT-03,OPS,1956.2
2022,3,12,2021,2021-12,DEPT-03,OPS,2316.7
2022,4,1,2022,2022-01,DEPT-03,OPS,2513.2
2022,5,2,2022,2022-02,DEPT-03,OPS,2492.0
2022,6,3,2022,2022-03,DEPT-03,OPS,3205.0
2022,7,4,2022,2022-04,DEPT-03,OPS,2965.8
2022,8,5,2022,2022-05,DEPT-03,OPS,2623.2
2022,9,6,2022,2022-06,DEPT-03,OPS,2992.8
2022,10,7,2022,2022-07,DEPT-03,OPS,3095.5
2022,11,8,2022,2022-08,DEPT-03,OPS,3944.2
2022,12,9,2022,2022-09,DEPT-03,OPS,4917.9
2022,1,10,2021,2021-10,DEPT-03,CAP,740.2
2022,2,11,2021,2021-11,DEPT-03,CAP,1091.1
2022,3,12,2021,2021-12,DEPT-03,CAP,1159.5
2022,4,1,2022,2022-01,DEPT-03,CAP,1265.7
2022,5,2,2022,2022-02,DEPT-03,CAP,1186.2
2022,6,3,2022,2022-03,DEPT-03,CAP,1257.8
2022,7,4,2022,2022-04,DEPT-03,CAP,1456.8
2022,8,5,2022,2022-05,DEPT-03,CAP,1559.2
2022,9,6,2022,2022-06,DEPT-03,CAP,1382.3
2022,10,7,2022,2022-07,DEPT-03,CAP,1768.4
2022,11,8,2022,2022-08,DEPT-03,CAP,1967.4
2022,12,9,2022,2022-09,DEPT-03,CAP,2435.2
2022,1,10,2021,2021-10,DEPT-03,GRANTS,598.0
2022,2,11,2021,2021-11,DEPT-03,GRANTS,748.1
2022,3,12,2021,2021-12,DEPT-03,GRANTS,910.9
2022,4,1,2022,2022-01,DEPT-03,GRANTS,1002.3
2022,5,2,2022,2022-02,DEPT-03,GRANTS,1117.7
2022,6,3,2022,2022-03,DEPT-03,GRANTS,1235.5
2022,7,4,2022,2022-04,DEPT-03,GRANTS,1179.8
2022,8,5,2022,2022-05,DEPT-03,GRANTS,1232.7
2022,9,6,2022,2022-06,DEPT-03,GRANTS,1397.7
2022,10,7,2022,2022-07,DEPT-03,GRANTS,1565.5
2022,11,8,2022,2022-08,DEPT-03,GRANTS,1577.9
2022,12,9,2022,2022-09,DEPT-03,GRANTS,2191.5
2022,1,10,2021,2021-10,DEPT-03,CONTR,392.3
2022,2,11,2021,2021-11,DEPT-03,CONTR,490.6
2022,3,12,2021,2021-12,DEPT-03,CONTR,600.2
2022,4,1,2022,2022-01,DEPT-03,CONTR,526.7
2022,5,2,2022,2022-02,DEPT-03,CONTR,607.0
2022,6,3,2022,2022-03,DEPT-03,CONTR,647.3
2022,7,4,2022,2022-04,DEPT-03,CONTR,681.8
2022,8,5,2022,2022-05,DEPT-03,CONTR,689.8
2022,9,6,2022,2022-06,DEPT-03,CONTR,676.7
2022,10,7,2022,2022-07,DEPT-03,CONTR,855.1
2022,11,8,2022,2022-08,DEPT-03,CONTR,872.5
2022,12,9,2022,2022-09,DEPT-03,CONTR,1180.3
2023,1,10,2022,2022-10,DEPT-03,PERS,4144.6
2023,2,11,2022,2022-11,DEPT-03,PERS,4933.4
2023,3,12,2022,2022-12,DEPT-03,PERS,6512.6
2023,4,1,2023,2023-01,DEPT-03,PERS,6967.6
2023,5,2,2023,2023-02,DEPT-03,PERS,7718.1
2023,6,3,2023,2023-03,DEPT-03,PERS,9243.8
2023,7,4,2023,2023-04,DEPT-03,PERS,8545.2
2023,8,5,2023,2023-05,DEPT-03,PERS,9195.0
2023,9,6,2023,2023-06,DEPT-03,PERS,8537.8
2023,10,7,2023,2023-07,DEPT-03,PERS,9263.6
2023,11,8,2023,2023-08,DEPT-03,PERS,12742.4
2023,12,9,2023,2023-09,DEPT-03,PERS,13207.1
2023,1,10,2022,2022-10,DEPT-03,OPS,1448.7
2023,2,11,2022,2022-11,DEPT-03,OPS,1926.0
2023,3,12,2022,2022-12,DEPT-03,OPS,2266.8
2023,4,1,2023,2023-01,DEPT-03,OPS,2281.4
2023,5,2,2023,2023-02,DEPT-03,OPS,2570.3
2023,6,3,2023,2023-03,DEPT-03,OPS,3086.6
2023,7,4,2023,2023-04,DEPT-03,OPS,2793.3
2023,8,5,2023,2023-05,DEPT-03,OPS,2809.0
2023,9,6,2023,2023-06,DEPT-03,OPS,3588.7
2023,10,7,2023,2023-07,DEPT-03,OPS,3833.6
2023,11,8,2023,2023-08,DEPT-03,OPS,3839.1
2023,12,9,2023,2023-09,DEPT-03,OPS,4448.8
2023,1,10,2022,2022-10,DEPT-03,CAP,764.7
2023,2,11,2022,2022-11,DEPT-03,CAP,989.5
2023,3,12,2022,2022-12,DEPT-03,CAP,1284.1
2023,4,1,2023,2023-01,DEPT-03,CAP,1160.0
2023,5,2,2023,2023-02,DEPT-03,CAP,1346.1
2023,6,3,2023,2023-03,DEPT-03,CAP,1523.6
2023,7,4,2023,2023-04,DEPT-03,CAP,1243.3
2023,8,5,2023,2023-05,DEPT-03,CAP,1760.8
2023,9,6,2023,2023-06,DEPT-03,CAP,1554.2
2023,10,7,2023,2023-07,DEPT-03,CAP,1947.7
2023,11,8,2023,2023-08,DEPT-03,CAP,2119.0
2023,12,9,2023,2023-09,DEPT-03,CAP,2847.4
2023,1,10,2022,2022-10,DEPT-03,GRANTS,669.9
2023,2,11,2022,2022-11,DEPT-03,GRANTS,635.1
2023,3,12,2022,2022-12,DEPT-03,GRANTS,868.6
2023,4,1,2023,2023-01,DEPT-03,GRANTS,1009.1
2023,5,2,2023,2023-02,DEPT-03,GRANTS,1052.7
2023,6,3,2023,2023-03,DEPT-03,GRANTS,1184.3
2023,7,4,2023,2023-04,DEPT-03,GRANTS,1288.5
2023,8,5,2023,2023-05,DEPT-03,GRANTS,1345.7
2023,9,6,2023,2023-06,DEPT-03,GRANTS,1331.4
2023,10,7,2023,2023-07,DEPT-03,GRANTS,1276.0
2023,11,8,2023,2023-08,DEPT-03,GRANTS,1580.0
2023,12,9,2023,2023-09,DEPT-03,GRANTS,2136.4
2023,1,10,2022,2022-10,DEPT-03,CONTR,343.5
2023,2,11,2022,2022-11,DEPT-03,CONTR,483.3
2023,3,12,2022,2022-12,DEPT-03,CONTR,583.2
2023,4,1,2023,2023-01,DEPT-03,CONTR,591.4
2023,5,2,2023,2023-02,DEPT-03,CONTR,473.6
2023,6,3,2023,2023-03,DEPT-03,CONTR,600.7
2023,7,4,2023,2023-04,DEPT-03,CONTR,818.2
2023,8,5,2023,2023-05,DEPT-03,CONTR,719.9
2023,9,6,2023,2023-06,DEPT-03,CONTR,668.5
2023,10,7,2023,2023-07,DEPT-03,CONTR,965.0
2023,11,8,2023,2023-08,DEPT-03,CONTR,962.9
2023,12,9,2023,2023-09,DEPT-03,CONTR,1320.0
2024,1,10,2023,2023-10,DEPT-03,PERS,4450.4
2024,2,11,2023,2023-11,DEPT-03,PERS,5516.6
2024,3,12,2023,2023-12,DEPT-03,PERS,6471.6
2024,4,1,2024,2024-01,DEPT-03,PERS,7150.6
2024,5,2,2024,2024-02,DEPT-03,PERS,8578.6
2024,6,3,2024,2024-03,DEPT-03,PERS,8341.5
2024,7,4,2024,2024-04,DEPT-03,PERS,7184.3
2024,8,5,2024,2024-05,DEPT-03,PERS,9019.0
2024,9,6,2024,2024-06,DEPT-03,PERS,10030.9
2024,10,7,2024,2024-07,DEPT-03,PERS,11136.6
2024,11,8,2024,2024-08,DEPT-03,PERS,10746.9
2024,12,9,2024,2024-09,DEPT-03,PERS,15336.7
2024,1,10,2023,2023-10,DEPT-03,OPS,1990.2
2024,2,11,2023,2023-11,DEPT-03,OPS,2730.4
2024,3,12,2023,2023-12,DEPT-03,OPS,2515.6
2024,4,1,2024,2024-01,DEPT-03,OPS,2765.0
2024,5,2,2024,2024-02,DEPT-03,OPS,3012.2
2024,6,3,2024,2024-03,DEPT-03,OPS,3164.5
2024,7,4,2024,2024-04,DEPT-03,OPS,3250.4
2024,8,5,2024,2024-05,DEPT-03,OPS,2886.5
2024,9,6,2024,2024-06,DEPT-03,OPS,3775.3
2024,10,7,2024,2024-07,DEPT-03,OPS,4450.7
2024,11,8,2024,2024-08,DEPT-03,OPS,4547.9
2024,12,9,2024,2024-09,DEPT-03,OPS,6894.2
2024,1,10,2023,2023-10,DEPT-03,CAP,829.6
2024,2,11,2023,2023-11,DEPT-03,CAP,1117.5
2024,3,12,2023,2023-12,DEPT-03,CAP,1222.1
2024,4,1,2024,2024-01,DEPT-03,CAP,1374.4
2024,5,2,2024,2024-02,DEPT-03,CAP,1412.1
2024,6,3,2024,2024-03,DEPT-03,CAP,1634.6
2024,7,4,2024,2024-04,DEPT-03,CAP,1572.4
2024,8,5,2024,2024-05,DEPT-03,CAP,1723.2
2024,9,6,2024,2024-06,DEPT-03,CAP,1800.8
2024,10,7,2024,2024-07,DEPT-03,CAP,1889.1
2024,11,8,2024,2024-08,DEPT-03,CAP,2186.5
2024,12,9,2024,2024-09,DEPT-03,CAP,3147.7
2024,1,10,2023,2023-10,DEPT-03,GRANTS,475.1
2024,2,11,2023,2023-11,DEPT-03,GRANTS,613.5
2024,3,12,2023,2023-12,DEPT-03,GRANTS,772.1
2024,4,1,2024,2024-01,DEPT-03,GRANTS,824.4
2024,5,2,2024,2024-02,DEPT-03,GRANTS,810.2
2024,6,3,2024,2024-03,DEPT-03,GRANTS,698.8
2024,7,4,2024,2024-04,DEPT-03,GRANTS,955.3
2024,8,5,2024,2024-05,DEPT-03,GRANTS,798.8
2024,9,6,2024,2024-06,DEPT-03,GRANTS,1145.8
2024,10,7,2024,2024-07,DEPT-03,GRANTS,1148.5
2024,11,8,2024,2024-08,DEPT-03,GRANTS,1340.4
2024,12,9,2024,2024-09,DEPT-03,GRANTS,1451.9
2024,1,10,2023,2023-10,DEPT-03,CONTR,310.8
2024,2,11,2023,2023-11,DEPT-03,CONTR,442.8
2024,3,12,2023,2023-12,DEPT-03,CONTR,511.2
2024,4,1,2024,2024-01,DEPT-03,CONTR,530.3
2024,5,2,2024,2024-02,DEPT-03,CONTR,595.5
2024,6,3,2024,2024-03,DEPT-03,CONTR,770.6
2024,7,4,2024,2024-04,DEPT-03,CONTR,715.1
2024,8,5,2024,2024-05,DEPT-03,CONTR,769.4
2024,9,6,2024,2024-06,DEPT-03,CONTR,799.8
2024,10,7,2024,2024-07,DEPT-03,CONTR,926.1
2024,11,8,2024,2024-08,DEPT-03,CONTR,893.1
2024,12,9,2024,2024-09,DEPT-03,CONTR,955.6
2025,1,10,2024,2024-10,DEPT-03,PERS,4175.3
2025,2,11,2024,2024-11,DEPT-03,PERS,5517.8
2025,3,12,2024,2024-12,DEPT-03,PERS,5648.4
2025,4,1,2025,2025-01,DEPT-03,PERS,6501.4
2025,5,2,2025,2025-02,DEPT-03,PERS,6674.5
2025,6,3,2025,2025-03,DEPT-03,PERS,8442.2
2025,7,4,2025,2025-04,DEPT-03,PERS,8487.7
2025,8,5,2025,2025-05,DEPT-03,PERS,8920.5
2025,9,6,2025,2025-06,DEPT-03,PERS,9394.7
2025,10,7,2025,2025-07,DEPT-03,PERS,9862.2
2025,11,8,2025,2025-08,DEPT-03,PERS,11005.0
2025,12,9,2025,2025-09,DEPT-03,PERS,12364.8
2025,1,10,2024,2024-10,DEPT-03,OPS,1128.0
2025,2,11,2024,2024-11,DEPT-03,OPS,1691.0
2025,3,12,2024,2024-12,DEPT-03,OPS,2025.9
2025,4,1,2025,2025-01,DEPT-03,OPS,2332.3
2025,5,2,2025,2025-02,DEPT-03,OPS,2564.9
2025,6,3,2025,2025-03,DEPT-03,OPS,2735.7
2025,7,4,2025,2025-04,DEPT-03,OPS,2376.1
2025,8,5,2025,2025-05,DEPT-03,OPS,2657.1
2025,9,6,2025,2025-06,DEPT-03,OPS,2997.0
2025,10,7,2025,2025-07,DEPT-03,OPS,3836.0
2025,11,8,2025,2025-08,DEPT-03,OPS,3907.4
2025,12,9,2025,2025-09,DEPT-03,OPS,4799.6
2025,1,10,2024,2024-10,DEPT-03,CAP,840.7
2025,2,11,2024,2024-11,DEPT-03,CAP,985.6
2025,3,12,2024,2024-12,DEPT-03,CAP,1332.4
2025,4,1,2025,2025-01,DEPT-03,CAP,1230.9
2025,5,2,2025,2025-02,DEPT-03,CAP,1418.5
2025,6,3,2025,2025-03,DEPT-03,CAP,1528.4
2025,7,4,2025,2025-04,DEPT-03,CAP,1847.8
2025,8,5,2025,2025-05,DEPT-03,CAP,1686.1
2025,9,6,2025,2025-06,DEPT-03,CAP,1474.3
2025,10,7,2025,2025-07,DEPT-03,CAP,2106.3
2025,11,8,2025,2025-08,DEPT-03,CAP,2093.4
2025,12,9,2025,2025-09,DEPT-03,CAP,2805.4
2025,1,10,2024,2024-10,DEPT-03,GRANTS,710.3
2025,2,11,2024,2024-11,DEPT-03,GRANTS,855.1
2025,3,12,2024,2024-12,DEPT-03,GRANTS,1098.5
2025,4,1,2025,2025-01,DEPT-03,GRANTS,976.2
2025,5,2,2025,2025-02,DEPT-03,GRANTS,1142.8
2025,6,3,2025,2025-03,DEPT-03,GRANTS,1341.2
2025,7,4,2025,2025-04,DEPT-03,GRANTS,1284.7
2025,8,5,2025,2025-05,DEPT-03,GRANTS,1246.4
2025,9,6,2025,2025-06,DEPT-03,GRANTS,1590.8
2025,10,7,2025,2025-07,DEPT-03,GRANTS,1818.9
2025,11,8,2025,2025-08,DEPT-03,GRANTS,1821.4
2025,12,9,2025,2025-09,DEPT-03,GRANTS,1943.3
2025,1,10,2024,2024-10,DEPT-03,CONTR,429.9
2025,2,11,2024,2024-11,DEPT-03,CONTR,431.3
2025,3,12,2024,2024-12,DEPT-03,CONTR,602.2
2025,4,1,2025,2025-01,DEPT-03,CONTR,588.0
2025,5,2,2025,2025-02,DEPT-03,CONTR,615.2
2025,6,3,2025,2025-03,DEPT-03,CONTR,697.8
2025,7,4,2025,2025-04,DEPT-03,CONTR,757.3
2025,8,5,2025,2025-05,DEPT-03,CONTR,771.8
2025,9,6,2025,2025-06,DEPT-03,CONTR,899.4
2025,10,7,2025,2025-07,DEPT-03,CONTR,915.5
2025,11,8,2025,2025-08,DEPT-03,CONTR,1121.3
2025,12,9,2025,2025-09,DEPT-03,CONTR,1340.5
2026,1,10,2025,2025-10,DEPT-03,PERS,4636.8
2026,2,11,2025,2025-11,DEPT-03,PERS,5586.4
2026,3,12,2025,2025-12,DEPT-03,PERS,6158.6
2026,4,1,2026,2026-01,DEPT-03,PERS,7816.9
2026,5,2,2026,2026-02,DEPT-03,PERS,7952.6
2026,6,3,2026,2026-03,DEPT-03,PERS,7073.7
2026,7,4,2026,2026-04,DEPT-03,PERS,8878.6
2026,8,5,2026,2026-05,DEPT-03,PERS,9113.8
2026,1,10,2025,2025-10,DEPT-03,OPS,1453.4
2026,2,11,2025,2025-11,DEPT-03,OPS,1362.6
2026,3,12,2025,2025-12,DEPT-03,OPS,1649.4
2026,4,1,2026,2026-01,DEPT-03,OPS,2186.0
2026,5,2,2026,2026-02,DEPT-03,OPS,2384.7
2026,6,3,2026,2026-03,DEPT-03,OPS,2157.8
2026,7,4,2026,2026-04,DEPT-03,OPS,2314.7
2026,8,5,2026,2026-05,DEPT-03,OPS,2708.7
2026,1,10,2025,2025-10,DEPT-03,CAP,555.0
2026,2,11,2025,2025-11,DEPT-03,CAP,709.4
2026,3,12,2025,2025-12,DEPT-03,CAP,962.9
2026,4,1,2026,2026-01,DEPT-03,CAP,1192.4
2026,5,2,2026,2026-02,DEPT-03,CAP,1097.0
2026,6,3,2026,2026-03,DEPT-03,CAP,1222.2
2026,7,4,2026,2026-04,DEPT-03,CAP,1405.0
2026,8,5,2026,2026-05,DEPT-03,CAP,1593.8
2026,1,10,2025,2025-10,DEPT-03,GRANTS,627.2
2026,2,11,2025,2025-11,DEPT-03,GRANTS,802.6
2026,3,12,2025,2025-12,DEPT-03,GRANTS,1088.2
2026,4,1,2026,2026-01,DEPT-03,GRANTS,898.3
2026,5,2,2026,2026-02,DEPT-03,GRANTS,1186.0
2026,6,3,2026,2026-03,DEPT-03,GRANTS,1073.7
2026,7,4,2026,2026-04,DEPT-03,GRANTS,1252.2
2026,8,5,2026,2026-05,DEPT-03,GRANTS,1289.6
2026,1,10,2025,2025-10,DEPT-03,CONTR,428.6
2026,2,11,2025,2025-11,DEPT-03,CONTR,522.7
2026,3,12,2025,2025-12,DEPT-03,CONTR,685.3
2026,4,1,2026,2026-01,DEPT-03,CONTR,779.6
2026,5,2,2026,2026-02,DEPT-03,CONTR,765.6
2026,6,3,2026,2026-03,DEPT-03,CONTR,829.8
2026,7,4,2026,2026-04,DEPT-03,CONTR,916.8
2026,8,5,2026,2026-05,DEPT-03,CONTR,856.2
2019,1,10,2018,2018-10,DEPT-04,PERS,5044.2
2019,2,11,2018,2018-11,DEPT-04,PERS,6202.2
2019,3,12,2018,2018-12,DEPT-04,PERS,8311.8
2019,4,1,2019,2019-01,DEPT-04,PERS,7185.2
2019,5,2,2019,2019-02,DEPT-04,PERS,7646.4
2019,6,3,2019,2019-03,DEPT-04,PERS,8987.2
2019,7,4,2019,2019-04,DEPT-04,PERS,9585.0
2019,8,5,2019,2019-05,DEPT-04,PERS,9117.0
2019,9,6,2019,2019-06,DEPT-04,PERS,9729.6
2019,10,7,2019,2019-07,DEPT-04,PERS,11593.2
2019,11,8,2019,2019-08,DEPT-04,PERS,11364.7
2019,12,9,2019,2019-09,DEPT-04,PERS,14841.3
2019,1,10,2018,2018-10,DEPT-04,OPS,1798.7
2019,2,11,2018,2018-11,DEPT-04,OPS,2356.7
2019,3,12,2018,2018-12,DEPT-04,OPS,2454.9
2019,4,1,2019,2019-01,DEPT-04,OPS,2368.6
2019,5,2,2019,2019-02,DEPT-04,OPS,2520.2
2019,6,3,2019,2019-03,DEPT-04,OPS,2855.1
2019,7,4,2019,2019-04,DEPT-04,OPS,3019.0
2019,8,5,2019,2019-05,DEPT-04,OPS,3527.7
2019,9,6,2019,2019-06,DEPT-04,OPS,3411.7
2019,10,7,2019,2019-07,DEPT-04,OPS,3932.9
2019,11,8,2019,2019-08,DEPT-04,OPS,4281.4
2019,12,9,2019,2019-09,DEPT-04,OPS,5551.9
2019,1,10,2018,2018-10,DEPT-04,CAP,1287.9
2019,2,11,2018,2018-11,DEPT-04,CAP,1498.9
2019,3,12,2018,2018-12,DEPT-04,CAP,1684.5
2019,4,1,2019,2019-01,DEPT-04,CAP,1744.9
2019,5,2,2019,2019-02,DEPT-04,CAP,1873.9
2019,6,3,2019,2019-03,DEPT-04,CAP,2124.9
2019,7,4,2019,2019-04,DEPT-04,CAP,2302.8
2019,8,5,2019,2019-05,DEPT-04,CAP,2160.3
2019,9,6,2019,2019-06,DEPT-04,CAP,2466.0
2019,10,7,2019,2019-07,DEPT-04,CAP,2275.9
2019,11,8,2019,2019-08,DEPT-04,CAP,3026.9
2019,12,9,2019,2019-09,DEPT-04,CAP,3981.7
2019,1,10,2018,2018-10,DEPT-04,GRANTS,562.1
2019,2,11,2018,2018-11,DEPT-04,GRANTS,804.8
2019,3,12,2018,2018-12,DEPT-04,GRANTS,771.9
2019,4,1,2019,2019-01,DEPT-04,GRANTS,909.9
2019,5,2,2019,2019-02,DEPT-04,GRANTS,955.5
2019,6,3,2019,2019-03,DEPT-04,GRANTS,1013.9
2019,7,4,2019,2019-04,DEPT-04,GRANTS,1076.1
2019,8,5,2019,2019-05,DEPT-04,GRANTS,1159.8
2019,9,6,2019,2019-06,DEPT-04,GRANTS,1296.1
2019,10,7,2019,2019-07,DEPT-04,GRANTS,1489.4
2019,11,8,2019,2019-08,DEPT-04,GRANTS,1469.1
2019,12,9,2019,2019-09,DEPT-04,GRANTS,1973.5
2019,1,10,2018,2018-10,DEPT-04,CONTR,432.3
2019,2,11,2018,2018-11,DEPT-04,CONTR,594.2
2019,3,12,2018,2018-12,DEPT-04,CONTR,621.3
2019,4,1,2019,2019-01,DEPT-04,CONTR,774.7
2019,5,2,2019,2019-02,DEPT-04,CONTR,898.4
2019,6,3,2019,2019-03,DEPT-04,CONTR,806.4
2019,7,4,2019,2019-04,DEPT-04,CONTR,713.5
2019,8,5,2019,2019-05,DEPT-04,CONTR,875.9
2019,9,6,2019,2019-06,DEPT-04,CONTR,1062.3
2019,10,7,2019,2019-07,DEPT-04,CONTR,1116.1
2019,11,8,2019,2019-08,DEPT-04,CONTR,1193.9
2019,12,9,2019,2019-09,DEPT-04,CONTR,1595.1
2020,1,10,2019,2019-10,DEPT-04,PERS,4583.2
2020,2,11,2019,2019-11,DEPT-04,PERS,5918.1
2020,3,12,2019,2019-12,DEPT-04,PERS,6842.0
2020,4,1,2020,2020-01,DEPT-04,PERS,7699.0
2020,5,2,2020,2020-02,DEPT-04,PERS,7564.8
2020,6,3,2020,2020-03,DEPT-04,PERS,8412.1
2020,7,4,2020,2020-04,DEPT-04,PERS,8129.5
2020,8,5,2020,2020-05,DEPT-04,PERS,8399.9
2020,9,6,2020,2020-06,DEPT-04,PERS,10586.6
2020,10,7,2020,2020-07,DEPT-04,PERS,10473.3
2020,11,8,2020,2020-08,DEPT-04,PERS,12001.8
2020,12,9,2020,2020-09,DEPT-04,PERS,14358.0
2020,1,10,2019,2019-10,DEPT-04,OPS,1783.4
2020,2,11,2019,2019-11,DEPT-04,OPS,2289.0
2020,3,12,2019,2019-12,DEPT-04,OPS,3013.3
2020,4,1,2020,2020-01,DEPT-04,OPS,3040.0
2020,5,2,2020,2020-02,DEPT-04,OPS,2691.6
2020,6,3,2020,2020-03,DEPT-04,OPS,3269.2
2020,7,4,2020,2020-04,DEPT-04,OPS,4038.3
2020,8,5,2020,2020-05,DEPT-04,OPS,3678.3
2020,9,6,2020,2020-06,DEPT-04,OPS,3381.2
2020,10,7,2020,2020-07,DEPT-04,OPS,5027.2
2020,11,8,2020,2020-08,DEPT-04,OPS,5042.9
2020,12,9,2020,2020-09,DEPT-04,OPS,5995.5
2020,1,10,2019,2019-10,DEPT-04,CAP,1059.2
2020,2,11,2019,2019-11,DEPT-04,CAP,1449.8
2020,3,12,2019,2019-12,DEPT-04,CAP,1508.5
2020,4,1,2020,2020-01,DEPT-04,CAP,1854.1
2020,5,2,2020,2020-02,DEPT-04,CAP,1898.4
2020,6,3,2020,2020-03,DEPT-04,CAP,1978.7
2020,7,4,2020,2020-04,DEPT-04,CAP,2086.0
2020,8,5,2020,2020-05,DEPT-04,CAP,2152.8
2020,9,6,2020,2020-06,DEPT-04,CAP,2497.4
2020,10,7,2020,2020-07,DEPT-04,CAP,2370.9
2020,11,8,2020,2020-08,DEPT-04,CAP,2427.8
2020,12,9,2020,2020-09,DEPT-04,CAP,3690.5
2020,1,10,2019,2019-10,DEPT-04,GRANTS,720.0
2020,2,11,2019,2019-11,DEPT-04,GRANTS,869.9
2020,3,12,2019,2019-12,DEPT-04,GRANTS,1022.3
2020,4,1,2020,2020-01,DEPT-04,GRANTS,1038.8
2020,5,2,2020,2020-02,DEPT-04,GRANTS,1214.3
2020,6,3,2020,2020-03,DEPT-04,GRANTS,1214.0
2020,7,4,2020,2020-04,DEPT-04,GRANTS,1244.2
2020,8,5,2020,2020-05,DEPT-04,GRANTS,1336.6
2020,9,6,2020,2020-06,DEPT-04,GRANTS,1680.8
2020,10,7,2020,2020-07,DEPT-04,GRANTS,1377.3
2020,11,8,2020,2020-08,DEPT-04,GRANTS,1821.6
2020,12,9,2020,2020-09,DEPT-04,GRANTS,1911.8
2020,1,10,2019,2019-10,DEPT-04,CONTR,462.9
2020,2,11,2019,2019-11,DEPT-04,CONTR,550.9
2020,3,12,2019,2019-12,DEPT-04,CONTR,561.9
2020,4,1,2020,2020-01,DEPT-04,CONTR,748.9
2020,5,2,2020,2020-02,DEPT-04,CONTR,754.5
2020,6,3,2020,2020-03,DEPT-04,CONTR,690.6
2020,7,4,2020,2020-04,DEPT-04,CONTR,941.1
2020,8,5,2020,2020-05,DEPT-04,CONTR,1041.0
2020,9,6,2020,2020-06,DEPT-04,CONTR,1103.2
2020,10,7,2020,2020-07,DEPT-04,CONTR,1120.7
2020,11,8,2020,2020-08,DEPT-04,CONTR,1197.6
2020,12,9,2020,2020-09,DEPT-04,CONTR,1664.3
2021,1,10,2020,2020-10,DEPT-04,PERS,6023.4
2021,2,11,2020,2020-11,DEPT-04,PERS,7077.1
2021,3,12,2020,2020-12,DEPT-04,PERS,7090.8
2021,4,1,2021,2021-01,DEPT-04,PERS,8391.3
2021,5,2,2021,2021-02,DEPT-04,PERS,9159.3
2021,6,3,2021,2021-03,DEPT-04,PERS,8071.7
2021,7,4,2021,2021-04,DEPT-04,PERS,10404.4
2021,8,5,2021,2021-05,DEPT-04,PERS,12548.5
2021,9,6,2021,2021-06,DEPT-04,PERS,11781.4
2021,10,7,2021,2021-07,DEPT-04,PERS,13847.5
2021,11,8,2021,2021-08,DEPT-04,PERS,13765.7
2021,12,9,2021,2021-09,DEPT-04,PERS,17006.2
2021,1,10,2020,2020-10,DEPT-04,OPS,1845.5
2021,2,11,2020,2020-11,DEPT-04,OPS,2046.0
2021,3,12,2020,2020-12,DEPT-04,OPS,2387.4
2021,4,1,2021,2021-01,DEPT-04,OPS,3068.1
2021,5,2,2021,2021-02,DEPT-04,OPS,3312.5
2021,6,3,2021,2021-03,DEPT-04,OPS,2931.4
2021,7,4,2021,2021-04,DEPT-04,OPS,3644.8
2021,8,5,2021,2021-05,DEPT-04,OPS,3556.9
2021,9,6,2021,2021-06,DEPT-04,OPS,3883.6
2021,10,7,2021,2021-07,DEPT-04,OPS,4332.6
2021,11,8,2021,2021-08,DEPT-04,OPS,4940.8
2021,12,9,2021,2021-09,DEPT-04,OPS,5808.8
2021,1,10,2020,2020-10,DEPT-04,CAP,1313.6
2021,2,11,2020,2020-11,DEPT-04,CAP,1478.4
2021,3,12,2020,2020-12,DEPT-04,CAP,1790.2
2021,4,1,2021,2021-01,DEPT-04,CAP,1713.8
2021,5,2,2021,2021-02,DEPT-04,CAP,2307.1
2021,6,3,2021,2021-03,DEPT-04,CAP,2177.4
2021,7,4,2021,2021-04,DEPT-04,CAP,2356.8
2021,8,5,2021,2021-05,DEPT-04,CAP,2057.1
2021,9,6,2021,2021-06,DEPT-04,CAP,2328.0
2021,10,7,2021,2021-07,DEPT-04,CAP,3027.0
2021,11,8,2021,2021-08,DEPT-04,CAP,3085.8
2021,12,9,2021,2021-09,DEPT-04,CAP,3221.2
2021,1,10,2020,2020-10,DEPT-04,GRANTS,726.6
2021,2,11,2020,2020-11,DEPT-04,GRANTS,784.3
2021,3,12,2020,2020-12,DEPT-04,GRANTS,1078.5
2021,4,1,2021,2021-01,DEPT-04,GRANTS,1036.3
2021,5,2,2021,2021-02,DEPT-04,GRANTS,1136.5
2021,6,3,2021,2021-03,DEPT-04,GRANTS,1305.2
2021,7,4,2021,2021-04,DEPT-04,GRANTS,1176.2
2021,8,5,2021,2021-05,DEPT-04,GRANTS,1235.2
2021,9,6,2021,2021-06,DEPT-04,GRANTS,1394.1
2021,10,7,2021,2021-07,DEPT-04,GRANTS,1669.0
2021,11,8,2021,2021-08,DEPT-04,GRANTS,1531.9
2021,12,9,2021,2021-09,DEPT-04,GRANTS,1873.3
2021,1,10,2020,2020-10,DEPT-04,CONTR,548.1
2021,2,11,2020,2020-11,DEPT-04,CONTR,598.2
2021,3,12,2020,2020-12,DEPT-04,CONTR,719.5
2021,4,1,2021,2021-01,DEPT-04,CONTR,681.1
2021,5,2,2021,2021-02,DEPT-04,CONTR,810.5
2021,6,3,2021,2021-03,DEPT-04,CONTR,913.6
2021,7,4,2021,2021-04,DEPT-04,CONTR,1043.6
2021,8,5,2021,2021-05,DEPT-04,CONTR,965.0
2021,9,6,2021,2021-06,DEPT-04,CONTR,1229.6
2021,10,7,2021,2021-07,DEPT-04,CONTR,1134.2
2021,11,8,2021,2021-08,DEPT-04,CONTR,1242.4
2021,12,9,2021,2021-09,DEPT-04,CONTR,1860.8
2022,1,10,2021,2021-10,DEPT-04,PERS,5722.4
2022,2,11,2021,2021-11,DEPT-04,PERS,6574.0
2022,3,12,2021,2021-12,DEPT-04,PERS,8027.3
2022,4,1,2022,2022-01,DEPT-04,PERS,9701.0
2022,5,2,2022,2022-02,DEPT-04,PERS,10478.8
2022,6,3,2022,2022-03,DEPT-04,PERS,9350.3
2022,7,4,2022,2022-04,DEPT-04,PERS,10593.1
2022,8,5,2022,2022-05,DEPT-04,PERS,11335.6
2022,9,6,2022,2022-06,DEPT-04,PERS,10942.4
2022,10,7,2022,2022-07,DEPT-04,PERS,13071.7
2022,11,8,2022,2022-08,DEPT-04,PERS,14386.8
2022,12,9,2022,2022-09,DEPT-04,PERS,19786.1
2022,1,10,2021,2021-10,DEPT-04,OPS,2150.7
2022,2,11,2021,2021-11,DEPT-04,OPS,2333.9
2022,3,12,2021,2021-12,DEPT-04,OPS,2784.4
2022,4,1,2022,2022-01,DEPT-04,OPS,3212.9
2022,5,2,2022,2022-02,DEPT-04,OPS,3115.7
2022,6,3,2022,2022-03,DEPT-04,OPS,3650.8
2022,7,4,2022,2022-04,DEPT-04,OPS,3678.5
2022,8,5,2022,2022-05,DEPT-04,OPS,3618.3
2022,9,6,2022,2022-06,DEPT-04,OPS,3823.5
2022,10,7,2022,2022-07,DEPT-04,OPS,5106.0
2022,11,8,2022,2022-08,DEPT-04,OPS,4949.3
2022,12,9,2022,2022-09,DEPT-04,OPS,7148.8
2022,1,10,2021,2021-10,DEPT-04,CAP,1274.6
2022,2,11,2021,2021-11,DEPT-04,CAP,1662.4
2022,3,12,2021,2021-12,DEPT-04,CAP,2287.4
2022,4,1,2022,2022-01,DEPT-04,CAP,1892.7
2022,5,2,2022,2022-02,DEPT-04,CAP,1879.0
2022,6,3,2022,2022-03,DEPT-04,CAP,2606.2
2022,7,4,2022,2022-04,DEPT-04,CAP,2344.6
2022,8,5,2022,2022-05,DEPT-04,CAP,2653.9
2022,9,6,2022,2022-06,DEPT-04,CAP,2674.5
2022,10,7,2022,2022-07,DEPT-04,CAP,3167.9
2022,11,8,2022,2022-08,DEPT-04,CAP,3138.5
2022,12,9,2022,2022-09,DEPT-04,CAP,4221.2
2022,1,10,2021,2021-10,DEPT-04,GRANTS,926.4
2022,2,11,2021,2021-11,DEPT-04,GRANTS,1004.8
2022,3,12,2021,2021-12,DEPT-04,GRANTS,1219.3
2022,4,1,2022,2022-01,DEPT-04,GRANTS,1352.4
2022,5,2,2022,2022-02,DEPT-04,GRANTS,1320.0
2022,6,3,2022,2022-03,DEPT-04,GRANTS,1536.0
2022,7,4,2022,2022-04,DEPT-04,GRANTS,1705.2
2022,8,5,2022,2022-05,DEPT-04,GRANTS,1731.3
2022,9,6,2022,2022-06,DEPT-04,GRANTS,1846.8
2022,10,7,2022,2022-07,DEPT-04,GRANTS,2083.2
2022,11,8,2022,2022-08,DEPT-04,GRANTS,2165.4
2022,12,9,2022,2022-09,DEPT-04,GRANTS,3040.7
2022,1,10,2021,2021-10,DEPT-04,CONTR,552.7
2022,2,11,2021,2021-11,DEPT-04,CONTR,583.4
2022,3,12,2021,2021-12,DEPT-04,CONTR,743.8
2022,4,1,2022,2022-01,DEPT-04,CONTR,756.3
2022,5,2,2022,2022-02,DEPT-04,CONTR,850.3
2022,6,3,2022,2022-03,DEPT-04,CONTR,991.6
2022,7,4,2022,2022-04,DEPT-04,CONTR,974.4
2022,8,5,2022,2022-05,DEPT-04,CONTR,850.8
2022,9,6,2022,2022-06,DEPT-04,CONTR,1084.5
2022,10,7,2022,2022-07,DEPT-04,CONTR,1270.7
2022,11,8,2022,2022-08,DEPT-04,CONTR,1244.3
2022,12,9,2022,2022-09,DEPT-04,CONTR,1724.5
2023,1,10,2022,2022-10,DEPT-04,PERS,5196.8
2023,2,11,2022,2022-11,DEPT-04,PERS,5923.8
2023,3,12,2022,2022-12,DEPT-04,PERS,8034.8
2023,4,1,2023,2023-01,DEPT-04,PERS,7353.9
2023,5,2,2023,2023-02,DEPT-04,PERS,8991.6
2023,6,3,2023,2023-03,DEPT-04,PERS,10785.2
2023,7,4,2023,2023-04,DEPT-04,PERS,8802.4
2023,8,5,2023,2023-05,DEPT-04,PERS,9874.8
2023,9,6,2023,2023-06,DEPT-04,PERS,10653.3
2023,10,7,2023,2023-07,DEPT-04,PERS,12769.3
2023,11,8,2023,2023-08,DEPT-04,PERS,13645.4
2023,12,9,2023,2023-09,DEPT-04,PERS,19707.5
2023,1,10,2022,2022-10,DEPT-04,OPS,2334.9
2023,2,11,2022,2022-11,DEPT-04,OPS,2756.4
2023,3,12,2022,2022-12,DEPT-04,OPS,3169.9
2023,4,1,2023,2023-01,DEPT-04,OPS,3480.6
2023,5,2,2023,2023-02,DEPT-04,OPS,3366.2
2023,6,3,2023,2023-03,DEPT-04,OPS,4121.0
2023,7,4,2023,2023-04,DEPT-04,OPS,3733.0
2023,8,5,2023,2023-05,DEPT-04,OPS,4628.6
2023,9,6,2023,2023-06,DEPT-04,OPS,5014.2
2023,10,7,2023,2023-07,DEPT-04,OPS,5147.1
2023,11,8,2023,2023-08,DEPT-04,OPS,5465.6
2023,12,9,2023,2023-09,DEPT-04,OPS,7213.8
2023,1,10,2022,2022-10,DEPT-04,CAP,883.3
2023,2,11,2022,2022-11,DEPT-04,CAP,1433.9
2023,3,12,2022,2022-12,DEPT-04,CAP,1639.6
2023,4,1,2023,2023-01,DEPT-04,CAP,1774.6
2023,5,2,2023,2023-02,DEPT-04,CAP,2017.0
2023,6,3,2023,2023-03,DEPT-04,CAP,2024.2
2023,7,4,2023,2023-04,DEPT-04,CAP,1966.3
2023,8,5,2023,2023-05,DEPT-04,CAP,2265.0
2023,9,6,2023,2023-06,DEPT-04,CAP,2431.3
2023,10,7,2023,2023-07,DEPT-04,CAP,2697.4
2023,11,8,2023,2023-08,DEPT-04,CAP,2965.2
2023,12,9,2023,2023-09,DEPT-04,CAP,3997.9
2023,1,10,2022,2022-10,DEPT-04,GRANTS,704.3
2023,2,11,2022,2022-11,DEPT-04,GRANTS,956.0
2023,3,12,2022,2022-12,DEPT-04,GRANTS,1229.1
2023,4,1,2023,2023-01,DEPT-04,GRANTS,1033.3
2023,5,2,2023,2023-02,DEPT-04,GRANTS,1304.0
2023,6,3,2023,2023-03,DEPT-04,GRANTS,1307.0
2023,7,4,2023,2023-04,DEPT-04,GRANTS,1413.7
2023,8,5,2023,2023-05,DEPT-04,GRANTS,1431.0
2023,9,6,2023,2023-06,DEPT-04,GRANTS,1606.2
2023,10,7,2023,2023-07,DEPT-04,GRANTS,2064.8
2023,11,8,2023,2023-08,DEPT-04,GRANTS,1771.7
2023,12,9,2023,2023-09,DEPT-04,GRANTS,2252.8
2023,1,10,2022,2022-10,DEPT-04,CONTR,424.3
2023,2,11,2022,2022-11,DEPT-04,CONTR,659.0
2023,3,12,2022,2022-12,DEPT-04,CONTR,658.9
2023,4,1,2023,2023-01,DEPT-04,CONTR,735.3
2023,5,2,2023,2023-02,DEPT-04,CONTR,764.0
2023,6,3,2023,2023-03,DEPT-04,CONTR,778.5
2023,7,4,2023,2023-04,DEPT-04,CONTR,877.9
2023,8,5,2023,2023-05,DEPT-04,CONTR,1133.7
2023,9,6,2023,2023-06,DEPT-04,CONTR,1111.4
2023,10,7,2023,2023-07,DEPT-04,CONTR,1029.8
2023,11,8,2023,2023-08,DEPT-04,CONTR,1273.2
2023,12,9,2023,2023-09,DEPT-04,CONTR,1424.8
2024,1,10,2023,2023-10,DEPT-04,PERS,4735.2
2024,2,11,2023,2023-11,DEPT-04,PERS,7296.3
2024,3,12,2023,2023-12,DEPT-04,PERS,8712.6
2024,4,1,2024,2024-01,DEPT-04,PERS,9304.5
2024,5,2,2024,2024-02,DEPT-04,PERS,8853.5
2024,6,3,2024,2024-03,DEPT-04,PERS,9681.6
2024,7,4,2024,2024-04,DEPT-04,PERS,11051.2
2024,8,5,2024,2024-05,DEPT-04,PERS,11384.8
2024,9,6,2024,2024-06,DEPT-04,PERS,11285.4
2024,10,7,2024,2024-07,DEPT-04,PERS,11210.8
2024,11,8,2024,2024-08,DEPT-04,PERS,14234.0
2024,12,9,2024,2024-09,DEPT-04,PERS,19320.4
2024,1,10,2023,2023-10,DEPT-04,OPS,2053.7
2024,2,11,2023,2023-11,DEPT-04,OPS,2917.8
2024,3,12,2023,2023-12,DEPT-04,OPS,3367.7
2024,4,1,2024,2024-01,DEPT-04,OPS,3745.1
2024,5,2,2024,2024-02,DEPT-04,OPS,4049.5
2024,6,3,2024,2024-03,DEPT-04,OPS,3813.5
2024,7,4,2024,2024-04,DEPT-04,OPS,3735.2
2024,8,5,2024,2024-05,DEPT-04,OPS,4348.6
2024,9,6,2024,2024-06,DEPT-04,OPS,5135.9
2024,10,7,2024,2024-07,DEPT-04,OPS,5069.8
2024,11,8,2024,2024-08,DEPT-04,OPS,5482.0
2024,12,9,2024,2024-09,DEPT-04,OPS,6252.1
2024,1,10,2023,2023-10,DEPT-04,CAP,1509.6
2024,2,11,2023,2023-11,DEPT-04,CAP,1725.1
2024,3,12,2023,2023-12,DEPT-04,CAP,2030.2
2024,4,1,2024,2024-01,DEPT-04,CAP,2218.9
2024,5,2,2024,2024-02,DEPT-04,CAP,2308.4
2024,6,3,2024,2024-03,DEPT-04,CAP,2307.7
2024,7,4,2024,2024-04,DEPT-04,CAP,2468.1
2024,8,5,2024,2024-05,DEPT-04,CAP,2557.4
2024,9,6,2024,2024-06,DEPT-04,CAP,3384.2
2024,10,7,2024,2024-07,DEPT-04,CAP,3226.6
2024,11,8,2024,2024-08,DEPT-04,CAP,3257.9
2024,12,9,2024,2024-09,DEPT-04,CAP,4425.0
2024,1,10,2023,2023-10,DEPT-04,GRANTS,749.7
2024,2,11,2023,2023-11,DEPT-04,GRANTS,1116.9
2024,3,12,2023,2023-12,DEPT-04,GRANTS,1115.9
2024,4,1,2024,2024-01,DEPT-04,GRANTS,1319.7
2024,5,2,2024,2024-02,DEPT-04,GRANTS,1475.4
2024,6,3,2024,2024-03,DEPT-04,GRANTS,1494.7
2024,7,4,2024,2024-04,DEPT-04,GRANTS,1552.4
2024,8,5,2024,2024-05,DEPT-04,GRANTS,1632.8
2024,9,6,2024,2024-06,DEPT-04,GRANTS,1714.2
2024,10,7,2024,2024-07,DEPT-04,GRANTS,1815.4
2024,11,8,2024,2024-08,DEPT-04,GRANTS,2009.6
2024,12,9,2024,2024-09,DEPT-04,GRANTS,2939.4
2024,1,10,2023,2023-10,DEPT-04,CONTR,543.1
2024,2,11,2023,2023-11,DEPT-04,CONTR,627.5
2024,3,12,2023,2023-12,DEPT-04,CONTR,758.7
2024,4,1,2024,2024-01,DEPT-04,CONTR,927.3
2024,5,2,2024,2024-02,DEPT-04,CONTR,962.5
2024,6,3,2024,2024-03,DEPT-04,CONTR,1017.7
2024,7,4,2024,2024-04,DEPT-04,CONTR,1013.6
2024,8,5,2024,2024-05,DEPT-04,CONTR,1146.0
2024,9,6,2024,2024-06,DEPT-04,CONTR,1097.1
2024,10,7,2024,2024-07,DEPT-04,CONTR,1251.8
2024,11,8,2024,2024-08,DEPT-04,CONTR,1508.8
2024,12,9,2024,2024-09,DEPT-04,CONTR,1888.9
2025,1,10,2024,2024-10,DEPT-04,PERS,6156.5
2025,2,11,2024,2024-11,DEPT-04,PERS,7607.2
2025,3,12,2024,2024-12,DEPT-04,PERS,9734.7
2025,4,1,2025,2025-01,DEPT-04,PERS,11828.4
2025,5,2,2025,2025-02,DEPT-04,PERS,9429.1
2025,6,3,2025,2025-03,DEPT-04,PERS,12142.4
2025,7,4,2025,2025-04,DEPT-04,PERS,11231.0
2025,8,5,2025,2025-05,DEPT-04,PERS,12684.5
2025,9,6,2025,2025-06,DEPT-04,PERS,13693.8
2025,10,7,2025,2025-07,DEPT-04,PERS,15065.3
2025,11,8,2025,2025-08,DEPT-04,PERS,16345.4
2025,12,9,2025,2025-09,DEPT-04,PERS,21541.1
2025,1,10,2024,2024-10,DEPT-04,OPS,2230.0
2025,2,11,2024,2024-11,DEPT-04,OPS,2514.4
2025,3,12,2024,2024-12,DEPT-04,OPS,3575.2
2025,4,1,2025,2025-01,DEPT-04,OPS,3842.4
2025,5,2,2025,2025-02,DEPT-04,OPS,4144.9
2025,6,3,2025,2025-03,DEPT-04,OPS,3631.3
2025,7,4,2025,2025-04,DEPT-04,OPS,4505.9
2025,8,5,2025,2025-05,DEPT-04,OPS,4911.5
2025,9,6,2025,2025-06,DEPT-04,OPS,4512.7
2025,10,7,2025,2025-07,DEPT-04,OPS,5440.1
2025,11,8,2025,2025-08,DEPT-04,OPS,5898.5
2025,12,9,2025,2025-09,DEPT-04,OPS,8613.4
2025,1,10,2024,2024-10,DEPT-04,CAP,1487.4
2025,2,11,2024,2024-11,DEPT-04,CAP,1365.6
2025,3,12,2024,2024-12,DEPT-04,CAP,2233.2
2025,4,1,2025,2025-01,DEPT-04,CAP,1858.2
2025,5,2,2025,2025-02,DEPT-04,CAP,2316.7
2025,6,3,2025,2025-03,DEPT-04,CAP,2469.3
2025,7,4,2025,2025-04,DEPT-04,CAP,2240.7
2025,8,5,2025,2025-05,DEPT-04,CAP,2679.6
2025,9,6,2025,2025-06,DEPT-04,CAP,2697.6
2025,10,7,2025,2025-07,DEPT-04,CAP,3140.8
2025,11,8,2025,2025-08,DEPT-04,CAP,3354.7
2025,12,9,2025,2025-09,DEPT-04,CAP,4550.7
2025,1,10,2024,2024-10,DEPT-04,GRANTS,984.5
2025,2,11,2024,2024-11,DEPT-04,GRANTS,1180.1
2025,3,12,2024,2024-12,DEPT-04,GRANTS,1537.5
2025,4,1,2025,2025-01,DEPT-04,GRANTS,1593.0
2025,5,2,2025,2025-02,DEPT-04,GRANTS,1726.6
2025,6,3,2025,2025-03,DEPT-04,GRANTS,1647.3
2025,7,4,2025,2025-04,DEPT-04,GRANTS,1694.0
2025,8,5,2025,2025-05,DEPT-04,GRANTS,1868.4
2025,9,6,2025,2025-06,DEPT-04,GRANTS,1963.4
2025,10,7,2025,2025-07,DEPT-04,GRANTS,2427.1
2025,11,8,2025,2025-08,DEPT-04,GRANTS,2696.3
2025,12,9,2025,2025-09,DEPT-04,GRANTS,3114.3
2025,1,10,2024,2024-10,DEPT-04,CONTR,650.0
2025,2,11,2024,2024-11,DEPT-04,CONTR,790.8
2025,3,12,2024,2024-12,DEPT-04,CONTR,858.8
2025,4,1,2025,2025-01,DEPT-04,CONTR,847.5
2025,5,2,2025,2025-02,DEPT-04,CONTR,1094.5
2025,6,3,2025,2025-03,DEPT-04,CONTR,1031.7
2025,7,4,2025,2025-04,DEPT-04,CONTR,1112.7
2025,8,5,2025,2025-05,DEPT-04,CONTR,1134.7
2025,9,6,2025,2025-06,DEPT-04,CONTR,1143.6
2025,10,7,2025,2025-07,DEPT-04,CONTR,1200.9
2025,11,8,2025,2025-08,DEPT-04,CONTR,1565.8
2025,12,9,2025,2025-09,DEPT-04,CONTR,1761.4
2026,1,10,2025,2025-10,DEPT-04,PERS,8244.6
2026,2,11,2025,2025-11,DEPT-04,PERS,7391.9
2026,3,12,2025,2025-12,DEPT-04,PERS,8604.8
2026,4,1,2026,2026-01,DEPT-04,PERS,10723.6
2026,5,2,2026,2026-02,DEPT-04,PERS,12389.6
2026,6,3,2026,2026-03,DEPT-04,PERS,11835.8
2026,7,4,2026,2026-04,DEPT-04,PERS,13083.6
2026,8,5,2026,2026-05,DEPT-04,PERS,11293.1
2026,1,10,2025,2025-10,DEPT-04,OPS,2093.5
2026,2,11,2025,2025-11,DEPT-04,OPS,2473.0
2026,3,12,2025,2025-12,DEPT-04,OPS,2712.6
2026,4,1,2026,2026-01,DEPT-04,OPS,3475.4
2026,5,2,2026,2026-02,DEPT-04,OPS,3027.2
2026,6,3,2026,2026-03,DEPT-04,OPS,3518.9
2026,7,4,2026,2026-04,DEPT-04,OPS,4001.4
2026,8,5,2026,2026-05,DEPT-04,OPS,4132.6
2026,1,10,2025,2025-10,DEPT-04,CAP,1304.1
2026,2,11,2025,2025-11,DEPT-04,CAP,1582.6
2026,3,12,2025,2025-12,DEPT-04,CAP,1956.3
2026,4,1,2026,2026-01,DEPT-04,CAP,2084.5
2026,5,2,2026,2026-02,DEPT-04,CAP,2298.9
2026,6,3,2026,2026-03,DEPT-04,CAP,2246.7
2026,7,4,2026,2026-04,DEPT-04,CAP,2445.5
2026,8,5,2026,2026-05,DEPT-04,CAP,2631.4
2026,1,10,2025,2025-10,DEPT-04,GRANTS,982.1
2026,2,11,2025,2025-11,DEPT-04,GRANTS,1149.2
2026,3,12,2025,2025-12,DEPT-04,GRANTS,1365.4
2026,4,1,2026,2026-01,DEPT-04,GRANTS,1411.8
2026,5,2,2026,2026-02,DEPT-04,GRANTS,1673.1
2026,6,3,2026,2026-03,DEPT-04,GRANTS,1713.4
2026,7,4,2026,2026-04,DEPT-04,GRANTS,1737.0
2026,8,5,2026,2026-05,DEPT-04,GRANTS,1839.3
2026,1,10,2025,2025-10,DEPT-04,CONTR,432.3
2026,2,11,2025,2025-11,DEPT-04,CONTR,630.9
2026,3,12,2025,2025-12,DEPT-04,CONTR,695.8
2026,4,1,2026,2026-01,DEPT-04,CONTR,693.2
2026,5,2,2026,2026-02,DEPT-04,CONTR,849.4
2026,6,3,2026,2026-03,DEPT-04,CONTR,812.8
2026,7,4,2026,2026-04,DEPT-04,CONTR,802.4
2026,8,5,2026,2026-05,DEPT-04,CONTR,1035.6
2019,1,10,2018,2018-10,DEPT-05,PERS,1793.1
2019,2,11,2018,2018-11,DEPT-05,PERS,2215.1
2019,3,12,2018,2018-12,DEPT-05,PERS,2715.3
2019,4,1,2019,2019-01,DEPT-05,PERS,3181.0
2019,5,2,2019,2019-02,DEPT-05,PERS,3127.8
2019,6,3,2019,2019-03,DEPT-05,PERS,3011.4
2019,7,4,2019,2019-04,DEPT-05,PERS,3693.1
2019,8,5,2019,2019-05,DEPT-05,PERS,3601.9
2019,9,6,2019,2019-06,DEPT-05,PERS,4552.9
2019,10,7,2019,2019-07,DEPT-05,PERS,4371.5
2019,11,8,2019,2019-08,DEPT-05,PERS,3932.1
2019,12,9,2019,2019-09,DEPT-05,PERS,6209.9
2019,1,10,2018,2018-10,DEPT-05,OPS,732.7
2019,2,11,2018,2018-11,DEPT-05,OPS,872.6
2019,3,12,2018,2018-12,DEPT-05,OPS,1050.0
2019,4,1,2019,2019-01,DEPT-05,OPS,905.8
2019,5,2,2019,2019-02,DEPT-05,OPS,1133.8
2019,6,3,2019,2019-03,DEPT-05,OPS,1062.1
2019,7,4,2019,2019-04,DEPT-05,OPS,1219.1
2019,8,5,2019,2019-05,DEPT-05,OPS,1138.9
2019,9,6,2019,2019-06,DEPT-05,OPS,1269.5
2019,10,7,2019,2019-07,DEPT-05,OPS,1399.4
2019,11,8,2019,2019-08,DEPT-05,OPS,1736.8
2019,12,9,2019,2019-09,DEPT-05,OPS,2173.9
2019,1,10,2018,2018-10,DEPT-05,CAP,375.3
2019,2,11,2018,2018-11,DEPT-05,CAP,400.3
2019,3,12,2018,2018-12,DEPT-05,CAP,517.1
2019,4,1,2019,2019-01,DEPT-05,CAP,537.1
2019,5,2,2019,2019-02,DEPT-05,CAP,654.5
2019,6,3,2019,2019-03,DEPT-05,CAP,714.3
2019,7,4,2019,2019-04,DEPT-05,CAP,752.2
2019,8,5,2019,2019-05,DEPT-05,CAP,690.0
2019,9,6,2019,2019-06,DEPT-05,CAP,605.3
2019,10,7,2019,2019-07,DEPT-05,CAP,735.6
2019,11,8,2019,2019-08,DEPT-05,CAP,1045.0
2019,12,9,2019,2019-09,DEPT-05,CAP,1145.1
2019,1,10,2018,2018-10,DEPT-05,GRANTS,216.6
2019,2,11,2018,2018-11,DEPT-05,GRANTS,318.7
2019,3,12,2018,2018-12,DEPT-05,GRANTS,366.6
2019,4,1,2019,2019-01,DEPT-05,GRANTS,359.2
2019,5,2,2019,2019-02,DEPT-05,GRANTS,375.1
2019,6,3,2019,2019-03,DEPT-05,GRANTS,405.4
2019,7,4,2019,2019-04,DEPT-05,GRANTS,443.2
2019,8,5,2019,2019-05,DEPT-05,GRANTS,519.9
2019,9,6,2019,2019-06,DEPT-05,GRANTS,503.0
2019,10,7,2019,2019-07,DEPT-05,GRANTS,569.0
2019,11,8,2019,2019-08,DEPT-05,GRANTS,644.1
2019,12,9,2019,2019-09,DEPT-05,GRANTS,673.1
2019,1,10,2018,2018-10,DEPT-05,CONTR,169.4
2019,2,11,2018,2018-11,DEPT-05,CONTR,190.7
2019,3,12,2018,2018-12,DEPT-05,CONTR,184.4
2019,4,1,2019,2019-01,DEPT-05,CONTR,206.3
2019,5,2,2019,2019-02,DEPT-05,CONTR,244.6
2019,6,3,2019,2019-03,DEPT-05,CONTR,296.2
2019,7,4,2019,2019-04,DEPT-05,CONTR,304.6
2019,8,5,2019,2019-05,DEPT-05,CONTR,324.3
2019,9,6,2019,2019-06,DEPT-05,CONTR,390.0
2019,10,7,2019,2019-07,DEPT-05,CONTR,335.0
2019,11,8,2019,2019-08,DEPT-05,CONTR,407.5
2019,12,9,2019,2019-09,DEPT-05,CONTR,527.4
2020,1,10,2019,2019-10,DEPT-05,PERS,1685.2
2020,2,11,2019,2019-11,DEPT-05,PERS,2193.5
2020,3,12,2019,2019-12,DEPT-05,PERS,2255.4
2020,4,1,2020,2020-01,DEPT-05,PERS,3099.6
2020,5,2,2020,2020-02,DEPT-05,PERS,2821.7
2020,6,3,2020,2020-03,DEPT-05,PERS,3700.7
2020,7,4,2020,2020-04,DEPT-05,PERS,3373.6
2020,8,5,2020,2020-05,DEPT-05,PERS,3875.9
2020,9,6,2020,2020-06,DEPT-05,PERS,3764.2
2020,10,7,2020,2020-07,DEPT-05,PERS,4167.9
2020,11,8,2020,2020-08,DEPT-05,PERS,4362.3
2020,12,9,2020,2020-09,DEPT-05,PERS,5824.9
2020,1,10,2019,2019-10,DEPT-05,OPS,679.9
2020,2,11,2019,2019-11,DEPT-05,OPS,759.5
2020,3,12,2019,2019-12,DEPT-05,OPS,948.2
2020,4,1,2020,2020-01,DEPT-05,OPS,981.1
2020,5,2,2020,2020-02,DEPT-05,OPS,1308.4
2020,6,3,2020,2020-03,DEPT-05,OPS,1170.3
2020,7,4,2020,2020-04,DEPT-05,OPS,1407.2
2020,8,5,2020,2020-05,DEPT-05,OPS,1305.3
2020,9,6,2020,2020-06,DEPT-05,OPS,1428.8
2020,10,7,2020,2020-07,DEPT-05,OPS,1383.6
2020,11,8,2020,2020-08,DEPT-05,OPS,1633.8
2020,12,9,2020,2020-09,DEPT-05,OPS,2172.5
2020,1,10,2019,2019-10,DEPT-05,CAP,419.9
2020,2,11,2019,2019-11,DEPT-05,CAP,463.6
2020,3,12,2019,2019-12,DEPT-05,CAP,597.9
2020,4,1,2020,2020-01,DEPT-05,CAP,609.4
2020,5,2,2020,2020-02,DEPT-05,CAP,702.0
2020,6,3,2020,2020-03,DEPT-05,CAP,659.4
2020,7,4,2020,2020-04,DEPT-05,CAP,838.5
2020,8,5,2020,2020-05,DEPT-05,CAP,716.4
2020,9,6,2020,2020-06,DEPT-05,CAP,738.5
2020,10,7,2020,2020-07,DEPT-05,CAP,785.4
2020,11,8,2020,2020-08,DEPT-05,CAP,1130.0
2020,12,9,2020,2020-09,DEPT-05,CAP,1279.5
2020,1,10,2019,2019-10,DEPT-05,GRANTS,251.5
2020,2,11,2019,2019-11,DEPT-05,GRANTS,347.3
2020,3,12,2019,2019-12,DEPT-05,GRANTS,393.7
2020,4,1,2020,2020-01,DEPT-05,GRANTS,465.1
2020,5,2,2020,2020-02,DEPT-05,GRANTS,377.3
2020,6,3,2020,2020-03,DEPT-05,GRANTS,449.6
2020,7,4,2020,2020-04,DEPT-05,GRANTS,470.0
2020,8,5,2020,2020-05,DEPT-05,GRANTS,435.1
2020,9,6,2020,2020-06,DEPT-05,GRANTS,591.7
2020,10,7,2020,2020-07,DEPT-05,GRANTS,589.8
2020,11,8,2020,2020-08,DEPT-05,GRANTS,699.3
2020,12,9,2020,2020-09,DEPT-05,GRANTS,989.7
2020,1,10,2019,2019-10,DEPT-05,CONTR,159.3
2020,2,11,2019,2019-11,DEPT-05,CONTR,193.6
2020,3,12,2019,2019-12,DEPT-05,CONTR,239.0
2020,4,1,2020,2020-01,DEPT-05,CONTR,275.1
2020,5,2,2020,2020-02,DEPT-05,CONTR,260.8
2020,6,3,2020,2020-03,DEPT-05,CONTR,276.7
2020,7,4,2020,2020-04,DEPT-05,CONTR,335.8
2020,8,5,2020,2020-05,DEPT-05,CONTR,337.8
2020,9,6,2020,2020-06,DEPT-05,CONTR,289.4
2020,10,7,2020,2020-07,DEPT-05,CONTR,345.0
2020,11,8,2020,2020-08,DEPT-05,CONTR,469.2
2020,12,9,2020,2020-09,DEPT-05,CONTR,545.1
2021,1,10,2020,2020-10,DEPT-05,PERS,1642.8
2021,2,11,2020,2020-11,DEPT-05,PERS,2109.1
2021,3,12,2020,2020-12,DEPT-05,PERS,2529.7
2021,4,1,2021,2021-01,DEPT-05,PERS,2881.6
2021,5,2,2021,2021-02,DEPT-05,PERS,2599.0
2021,6,3,2021,2021-03,DEPT-05,PERS,2900.9
2021,7,4,2021,2021-04,DEPT-05,PERS,3376.7
2021,8,5,2021,2021-05,DEPT-05,PERS,3471.0
2021,9,6,2021,2021-06,DEPT-05,PERS,3862.3
2021,10,7,2021,2021-07,DEPT-05,PERS,3680.6
2021,11,8,2021,2021-08,DEPT-05,PERS,4598.6
2021,12,9,2021,2021-09,DEPT-05,PERS,6129.5
2021,1,10,2020,2020-10,DEPT-05,OPS,712.5
2021,2,11,2020,2020-11,DEPT-05,OPS,847.5
2021,3,12,2020,2020-12,DEPT-05,OPS,982.9
2021,4,1,2021,2021-01,DEPT-05,OPS,995.5
2021,5,2,2021,2021-02,DEPT-05,OPS,1136.3
2021,6,3,2021,2021-03,DEPT-05,OPS,1342.0
2021,7,4,2021,2021-04,DEPT-05,OPS,1283.0
2021,8,5,2021,2021-05,DEPT-05,OPS,1273.9
2021,9,6,2021,2021-06,DEPT-05,OPS,1390.7
2021,10,7,2021,2021-07,DEPT-05,OPS,1625.8
2021,11,8,2021,2021-08,DEPT-05,OPS,1700.1
2021,12,9,2021,2021-09,DEPT-05,OPS,2295.4
2021,1,10,2020,2020-10,DEPT-05,CAP,439.2
2021,2,11,2020,2020-11,DEPT-05,CAP,551.8
2021,3,12,2020,2020-12,DEPT-05,CAP,678.2
2021,4,1,2021,2021-01,DEPT-05,CAP,708.0
2021,5,2,2021,2021-02,DEPT-05,CAP,650.0
2021,6,3,2021,2021-03,DEPT-05,CAP,695.2
2021,7,4,2021,2021-04,DEPT-05,CAP,791.4
2021,8,5,2021,2021-05,DEPT-05,CAP,812.6
2021,9,6,2021,2021-06,DEPT-05,CAP,808.9
2021,10,7,2021,2021-07,DEPT-05,CAP,948.8
2021,11,8,2021,2021-08,DEPT-05,CAP,1036.4
2021,12,9,2021,2021-09,DEPT-05,CAP,1285.3
2021,1,10,2020,2020-10,DEPT-05,GRANTS,235.6
2021,2,11,2020,2020-11,DEPT-05,GRANTS,323.3
2021,3,12,2020,2020-12,DEPT-05,GRANTS,354.7
2021,4,1,2021,2021-01,DEPT-05,GRANTS,450.3
2021,5,2,2021,2021-02,DEPT-05,GRANTS,408.3
2021,6,3,2021,2021-03,DEPT-05,GRANTS,419.7
2021,7,4,2021,2021-04,DEPT-05,GRANTS,456.7
2021,8,5,2021,2021-05,DEPT-05,GRANTS,493.3
2021,9,6,2021,2021-06,DEPT-05,GRANTS,528.0
2021,10,7,2021,2021-07,DEPT-05,GRANTS,657.6
2021,11,8,2021,2021-08,DEPT-05,GRANTS,575.9
2021,12,9,2021,2021-09,DEPT-05,GRANTS,832.3
2021,1,10,2020,2020-10,DEPT-05,CONTR,160.0
2021,2,11,2020,2020-11,DEPT-05,CONTR,168.2
2021,3,12,2020,2020-12,DEPT-05,CONTR,241.4
2021,4,1,2021,2021-01,DEPT-05,CONTR,269.7
2021,5,2,2021,2021-02,DEPT-05,CONTR,244.3
2021,6,3,2021,2021-03,DEPT-05,CONTR,279.6
2021,7,4,2021,2021-04,DEPT-05,CONTR,256.3
2021,8,5,2021,2021-05,DEPT-05,CONTR,283.1
2021,9,6,2021,2021-06,DEPT-05,CONTR,360.1
2021,10,7,2021,2021-07,DEPT-05,CONTR,353.5
2021,11,8,2021,2021-08,DEPT-05,CONTR,366.5
2021,12,9,2021,2021-09,DEPT-05,CONTR,516.4
2022,1,10,2021,2021-10,DEPT-05,PERS,1790.2
2022,2,11,2021,2021-11,DEPT-05,PERS,2197.4
2022,3,12,2021,2021-12,DEPT-05,PERS,2858.2
2022,4,1,2022,2022-01,DEPT-05,PERS,2636.1
2022,5,2,2022,2022-02,DEPT-05,PERS,2888.2
2022,6,3,2022,2022-03,DEPT-05,PERS,3362.3
2022,7,4,2022,2022-04,DEPT-05,PERS,3802.6
2022,8,5,2022,2022-05,DEPT-05,PERS,4106.6
2022,9,6,2022,2022-06,DEPT-05,PERS,3734.3
2022,10,7,2022,2022-07,DEPT-05,PERS,4686.2
2022,11,8,2022,2022-08,DEPT-05,PERS,4474.9
2022,12,9,2022,2022-09,DEPT-05,PERS,6899.4
2022,1,10,2021,2021-10,DEPT-05,OPS,622.4
2022,2,11,2021,2021-11,DEPT-05,OPS,925.5
2022,3,12,2021,2021-12,DEPT-05,OPS,936.8
2022,4,1,2022,2022-01,DEPT-05,OPS,1236.2
2022,5,2,2022,2022-02,DEPT-05,OPS,1194.8
2022,6,3,2022,2022-03,DEPT-05,OPS,1118.0
2022,7,4,2022,2022-04,DEPT-05,OPS,1238.9
2022,8,5,2022,2022-05,DEPT-05,OPS,1454.5
2022,9,6,2022,2022-06,DEPT-05,OPS,1566.7
2022,10,7,2022,2022-07,DEPT-05,OPS,1588.1
2022,11,8,2022,2022-08,DEPT-05,OPS,1755.5
2022,12,9,2022,2022-09,DEPT-05,OPS,2339.4
2022,1,10,2021,2021-10,DEPT-05,CAP,384.9
2022,2,11,2021,2021-11,DEPT-05,CAP,417.3
2022,3,12,2021,2021-12,DEPT-05,CAP,514.4
2022,4,1,2022,2022-01,DEPT-05,CAP,603.6
2022,5,2,2022,2022-02,DEPT-05,CAP,696.5
2022,6,3,2022,2022-03,DEPT-05,CAP,764.6
2022,7,4,2022,2022-04,DEPT-05,CAP,764.3
2022,8,5,2022,2022-05,DEPT-05,CAP,779.2
2022,9,6,2022,2022-06,DEPT-05,CAP,852.2
2022,10,7,2022,2022-07,DEPT-05,CAP,841.3
2022,11,8,2022,2022-08,DEPT-05,CAP,961.4
2022,12,9,2022,2022-09,DEPT-05,CAP,1146.3
2022,1,10,2021,2021-10,DEPT-05,GRANTS,242.5
2022,2,11,2021,2021-11,DEPT-05,GRANTS,338.1
2022,3,12,2021,2021-12,DEPT-05,GRANTS,395.0
2022,4,1,2022,2022-01,DEPT-05,GRANTS,442.2
2022,5,2,2022,2022-02,DEPT-05,GRANTS,468.7
2022,6,3,2022,2022-03,DEPT-05,GRANTS,488.4
2022,7,4,2022,2022-04,DEPT-05,GRANTS,531.7
2022,8,5,2022,2022-05,DEPT-05,GRANTS,537.1
2022,9,6,2022,2022-06,DEPT-05,GRANTS,587.7
2022,10,7,2022,2022-07,DEPT-05,GRANTS,592.2
2022,11,8,2022,2022-08,DEPT-05,GRANTS,709.0
2022,12,9,2022,2022-09,DEPT-05,GRANTS,914.7
2022,1,10,2021,2021-10,DEPT-05,CONTR,160.8
2022,2,11,2021,2021-11,DEPT-05,CONTR,208.5
2022,3,12,2021,2021-12,DEPT-05,CONTR,233.2
2022,4,1,2022,2022-01,DEPT-05,CONTR,253.2
2022,5,2,2022,2022-02,DEPT-05,CONTR,257.7
2022,6,3,2022,2022-03,DEPT-05,CONTR,332.7
2022,7,4,2022,2022-04,DEPT-05,CONTR,348.3
2022,8,5,2022,2022-05,DEPT-05,CONTR,354.4
2022,9,6,2022,2022-06,DEPT-05,CONTR,415.3
2022,10,7,2022,2022-07,DEPT-05,CONTR,390.5
2022,11,8,2022,2022-08,DEPT-05,CONTR,539.5
2022,12,9,2022,2022-09,DEPT-05,CONTR,537.5
2023,1,10,2022,2022-10,DEPT-05,PERS,1979.1
2023,2,11,2022,2022-11,DEPT-05,PERS,2295.1
2023,3,12,2022,2022-12,DEPT-05,PERS,2885.0
2023,4,1,2023,2023-01,DEPT-05,PERS,3218.8
2023,5,2,2023,2023-02,DEPT-05,PERS,3203.1
2023,6,3,2023,2023-03,DEPT-05,PERS,3938.2
2023,7,4,2023,2023-04,DEPT-05,PERS,3733.7
2023,8,5,2023,2023-05,DEPT-05,PERS,3963.0
2023,9,6,2023,2023-06,DEPT-05,PERS,3796.8
2023,10,7,2023,2023-07,DEPT-05,PERS,4677.1
2023,11,8,2023,2023-08,DEPT-05,PERS,4903.5
2023,12,9,2023,2023-09,DEPT-05,PERS,5945.6
2023,1,10,2022,2022-10,DEPT-05,OPS,651.2
2023,2,11,2022,2022-11,DEPT-05,OPS,1030.0
2023,3,12,2022,2022-12,DEPT-05,OPS,981.8
2023,4,1,2023,2023-01,DEPT-05,OPS,954.2
2023,5,2,2023,2023-02,DEPT-05,OPS,1092.6
2023,6,3,2023,2023-03,DEPT-05,OPS,1229.3
2023,7,4,2023,2023-04,DEPT-05,OPS,1368.9
2023,8,5,2023,2023-05,DEPT-05,OPS,1450.3
2023,9,6,2023,2023-06,DEPT-05,OPS,1545.2
2023,10,7,2023,2023-07,DEPT-05,OPS,1536.5
2023,11,8,2023,2023-08,DEPT-05,OPS,1822.7
2023,12,9,2023,2023-09,DEPT-05,OPS,2080.5
2023,1,10,2022,2022-10,DEPT-05,CAP,421.6
2023,2,11,2022,2022-11,DEPT-05,CAP,502.4
2023,3,12,2022,2022-12,DEPT-05,CAP,579.8
2023,4,1,2023,2023-01,DEPT-05,CAP,748.8
2023,5,2,2023,2023-02,DEPT-05,CAP,780.1
2023,6,3,2023,2023-03,DEPT-05,CAP,850.2
2023,7,4,2023,2023-04,DEPT-05,CAP,840.5
2023,8,5,2023,2023-05,DEPT-05,CAP,942.3
2023,9,6,2023,2023-06,DEPT-05,CAP,804.5
2023,10,7,2023,2023-07,DEPT-05,CAP,1106.5
2023,11,8,2023,2023-08,DEPT-05,CAP,1149.7
2023,12,9,2023,2023-09,DEPT-05,CAP,1501.1
2023,1,10,2022,2022-10,DEPT-05,GRANTS,329.4
2023,2,11,2022,2022-11,DEPT-05,GRANTS,359.8
2023,3,12,2022,2022-12,DEPT-05,GRANTS,406.4
2023,4,1,2023,2023-01,DEPT-05,GRANTS,468.9
2023,5,2,2023,2023-02,DEPT-05,GRANTS,556.8
2023,6,3,2023,2023-03,DEPT-05,GRANTS,599.7
2023,7,4,2023,2023-04,DEPT-05,GRANTS,537.7
2023,8,5,2023,2023-05,DEPT-05,GRANTS,589.1
2023,9,6,2023,2023-06,DEPT-05,GRANTS,635.8
2023,10,7,2023,2023-07,DEPT-05,GRANTS,724.6
2023,11,8,2023,2023-08,DEPT-05,GRANTS,727.9
2023,12,9,2023,2023-09,DEPT-05,GRANTS,912.8
2023,1,10,2022,2022-10,DEPT-05,CONTR,161.1
2023,2,11,2022,2022-11,DEPT-05,CONTR,212.3
2023,3,12,2022,2022-12,DEPT-05,CONTR,225.6
2023,4,1,2023,2023-01,DEPT-05,CONTR,265.8
2023,5,2,2023,2023-02,DEPT-05,CONTR,311.8
2023,6,3,2023,2023-03,DEPT-05,CONTR,274.7
2023,7,4,2023,2023-04,DEPT-05,CONTR,320.4
2023,8,5,2023,2023-05,DEPT-05,CONTR,373.2
2023,9,6,2023,2023-06,DEPT-05,CONTR,351.9
2023,10,7,2023,2023-07,DEPT-05,CONTR,384.0
2023,11,8,2023,2023-08,DEPT-05,CONTR,481.8
2023,12,9,2023,2023-09,DEPT-05,CONTR,542.1
2024,1,10,2023,2023-10,DEPT-05,PERS,2184.5
2024,2,11,2023,2023-11,DEPT-05,PERS,2537.4
2024,3,12,2023,2023-12,DEPT-05,PERS,2819.7
2024,4,1,2024,2024-01,DEPT-05,PERS,3242.0
2024,5,2,2024,2024-02,DEPT-05,PERS,3431.0
2024,6,3,2024,2024-03,DEPT-05,PERS,3859.7
2024,7,4,2024,2024-04,DEPT-05,PERS,3625.0
2024,8,5,2024,2024-05,DEPT-05,PERS,4027.5
2024,9,6,2024,2024-06,DEPT-05,PERS,4216.5
2024,10,7,2024,2024-07,DEPT-05,PERS,4947.2
2024,11,8,2024,2024-08,DEPT-05,PERS,4708.7
2024,12,9,2024,2024-09,DEPT-05,PERS,6993.6
2024,1,10,2023,2023-10,DEPT-05,OPS,739.8
2024,2,11,2023,2023-11,DEPT-05,OPS,779.9
2024,3,12,2023,2023-12,DEPT-05,OPS,1129.8
2024,4,1,2024,2024-01,DEPT-05,OPS,1307.7
2024,5,2,2024,2024-02,DEPT-05,OPS,1284.0
2024,6,3,2024,2024-03,DEPT-05,OPS,1412.7
2024,7,4,2024,2024-04,DEPT-05,OPS,1356.4
2024,8,5,2024,2024-05,DEPT-05,OPS,1236.8
2024,9,6,2024,2024-06,DEPT-05,OPS,1283.6
2024,10,7,2024,2024-07,DEPT-05,OPS,1698.1
2024,11,8,2024,2024-08,DEPT-05,OPS,1736.4
2024,12,9,2024,2024-09,DEPT-05,OPS,2130.0
2024,1,10,2023,2023-10,DEPT-05,CAP,406.2
2024,2,11,2023,2023-11,DEPT-05,CAP,523.6
2024,3,12,2023,2023-12,DEPT-05,CAP,521.2
2024,4,1,2024,2024-01,DEPT-05,CAP,612.3
2024,5,2,2024,2024-02,DEPT-05,CAP,762.6
2024,6,3,2024,2024-03,DEPT-05,CAP,663.4
2024,7,4,2024,2024-04,DEPT-05,CAP,824.8
2024,8,5,2024,2024-05,DEPT-05,CAP,784.9
2024,9,6,2024,2024-06,DEPT-05,CAP,899.5
2024,10,7,2024,2024-07,DEPT-05,CAP,1036.3
2024,11,8,2024,2024-08,DEPT-05,CAP,1105.2
2024,12,9,2024,2024-09,DEPT-05,CAP,1411.2
2024,1,10,2023,2023-10,DEPT-05,GRANTS,252.3
2024,2,11,2023,2023-11,DEPT-05,GRANTS,369.9
2024,3,12,2023,2023-12,DEPT-05,GRANTS,374.1
2024,4,1,2024,2024-01,DEPT-05,GRANTS,441.3
2024,5,2,2024,2024-02,DEPT-05,GRANTS,472.8
2024,6,3,2024,2024-03,DEPT-05,GRANTS,513.3
2024,7,4,2024,2024-04,DEPT-05,GRANTS,539.1
2024,8,5,2024,2024-05,DEPT-05,GRANTS,518.3
2024,9,6,2024,2024-06,DEPT-05,GRANTS,523.4
2024,10,7,2024,2024-07,DEPT-05,GRANTS,693.7
2024,11,8,2024,2024-08,DEPT-05,GRANTS,720.8
2024,12,9,2024,2024-09,DEPT-05,GRANTS,977.9
2024,1,10,2023,2023-10,DEPT-05,CONTR,187.3
2024,2,11,2023,2023-11,DEPT-05,CONTR,203.9
2024,3,12,2023,2023-12,DEPT-05,CONTR,292.5
2024,4,1,2024,2024-01,DEPT-05,CONTR,283.7
2024,5,2,2024,2024-02,DEPT-05,CONTR,321.8
2024,6,3,2024,2024-03,DEPT-05,CONTR,316.8
2024,7,4,2024,2024-04,DEPT-05,CONTR,401.7
2024,8,5,2024,2024-05,DEPT-05,CONTR,349.5
2024,9,6,2024,2024-06,DEPT-05,CONTR,386.1
2024,10,7,2024,2024-07,DEPT-05,CONTR,442.3
2024,11,8,2024,2024-08,DEPT-05,CONTR,438.3
2024,12,9,2024,2024-09,DEPT-05,CONTR,621.6
2025,1,10,2024,2024-10,DEPT-05,PERS,2412.4
2025,2,11,2024,2024-11,DEPT-05,PERS,2509.2
2025,3,12,2024,2024-12,DEPT-05,PERS,3184.1
2025,4,1,2025,2025-01,DEPT-05,PERS,2592.8
2025,5,2,2025,2025-02,DEPT-05,PERS,3550.3
2025,6,3,2025,2025-03,DEPT-05,PERS,3703.6
2025,7,4,2025,2025-04,DEPT-05,PERS,3771.9
2025,8,5,2025,2025-05,DEPT-05,PERS,4643.4
2025,9,6,2025,2025-06,DEPT-05,PERS,4393.3
2025,10,7,2025,2025-07,DEPT-05,PERS,4915.1
2025,11,8,2025,2025-08,DEPT-05,PERS,5296.0
2025,12,9,2025,2025-09,DEPT-05,PERS,5829.5
2025,1,10,2024,2024-10,DEPT-05,OPS,612.6
2025,2,11,2024,2024-11,DEPT-05,OPS,886.6
2025,3,12,2024,2024-12,DEPT-05,OPS,808.8
2025,4,1,2025,2025-01,DEPT-05,OPS,983.6
2025,5,2,2025,2025-02,DEPT-05,OPS,1086.8
2025,6,3,2025,2025-03,DEPT-05,OPS,1364.6
2025,7,4,2025,2025-04,DEPT-05,OPS,1350.7
2025,8,5,2025,2025-05,DEPT-05,OPS,1287.2
2025,9,6,2025,2025-06,DEPT-05,OPS,1570.5
2025,10,7,2025,2025-07,DEPT-05,OPS,1478.7
2025,11,8,2025,2025-08,DEPT-05,OPS,1860.5
2025,12,9,2025,2025-09,DEPT-05,OPS,1934.6
2025,1,10,2024,2024-10,DEPT-05,CAP,560.7
2025,2,11,2024,2024-11,DEPT-05,CAP,610.6
2025,3,12,2024,2024-12,DEPT-05,CAP,684.4
2025,4,1,2025,2025-01,DEPT-05,CAP,789.2
2025,5,2,2025,2025-02,DEPT-05,CAP,879.6
2025,6,3,2025,2025-03,DEPT-05,CAP,881.6
2025,7,4,2025,2025-04,DEPT-05,CAP,1018.5
2025,8,5,2025,2025-05,DEPT-05,CAP,984.5
2025,9,6,2025,2025-06,DEPT-05,CAP,1144.1
2025,10,7,2025,2025-07,DEPT-05,CAP,1247.4
2025,11,8,2025,2025-08,DEPT-05,CAP,1313.1
2025,12,9,2025,2025-09,DEPT-05,CAP,1605.0
2025,1,10,2024,2024-10,DEPT-05,GRANTS,278.2
2025,2,11,2024,2024-11,DEPT-05,GRANTS,350.7
2025,3,12,2024,2024-12,DEPT-05,GRANTS,462.5
2025,4,1,2025,2025-01,DEPT-05,GRANTS,459.7
2025,5,2,2025,2025-02,DEPT-05,GRANTS,493.8
2025,6,3,2025,2025-03,DEPT-05,GRANTS,609.3
2025,7,4,2025,2025-04,DEPT-05,GRANTS,540.6
2025,8,5,2025,2025-05,DEPT-05,GRANTS,571.0
2025,9,6,2025,2025-06,DEPT-05,GRANTS,612.9
2025,10,7,2025,2025-07,DEPT-05,GRANTS,589.5
2025,11,8,2025,2025-08,DEPT-05,GRANTS,677.4
2025,12,9,2025,2025-09,DEPT-05,GRANTS,849.7
2025,1,10,2024,2024-10,DEPT-05,CONTR,196.7
2025,2,11,2024,2024-11,DEPT-05,CONTR,225.4
2025,3,12,2024,2024-12,DEPT-05,CONTR,273.1
2025,4,1,2025,2025-01,DEPT-05,CONTR,316.2
2025,5,2,2025,2025-02,DEPT-05,CONTR,333.2
2025,6,3,2025,2025-03,DEPT-05,CONTR,328.2
2025,7,4,2025,2025-04,DEPT-05,CONTR,334.3
2025,8,5,2025,2025-05,DEPT-05,CONTR,408.0
2025,9,6,2025,2025-06,DEPT-05,CONTR,419.2
2025,10,7,2025,2025-07,DEPT-05,CONTR,380.3
2025,11,8,2025,2025-08,DEPT-05,CONTR,465.9
2025,12,9,2025,2025-09,DEPT-05,CONTR,610.6
2026,1,10,2025,2025-10,DEPT-05,PERS,1928.6
2026,2,11,2025,2025-11,DEPT-05,PERS,2380.5
2026,3,12,2025,2025-12,DEPT-05,PERS,2681.9
2026,4,1,2026,2026-01,DEPT-05,PERS,2956.3
2026,5,2,2026,2026-02,DEPT-05,PERS,3041.3
2026,6,3,2026,2026-03,DEPT-05,PERS,3053.5
2026,7,4,2026,2026-04,DEPT-05,PERS,3357.5
2026,8,5,2026,2026-05,DEPT-05,PERS,3636.4
2026,1,10,2025,2025-10,DEPT-05,OPS,694.2
2026,2,11,2025,2025-11,DEPT-05,OPS,722.5
2026,3,12,2025,2025-12,DEPT-05,OPS,973.6
2026,4,1,2026,2026-01,DEPT-05,OPS,1087.8
2026,5,2,2026,2026-02,DEPT-05,OPS,1134.2
2026,6,3,2026,2026-03,DEPT-05,OPS,1213.2
2026,7,4,2026,2026-04,DEPT-05,OPS,1366.3
2026,8,5,2026,2026-05,DEPT-05,OPS,1272.2
2026,1,10,2025,2025-10,DEPT-05,CAP,355.7
2026,2,11,2025,2025-11,DEPT-05,CAP,485.9
2026,3,12,2025,2025-12,DEPT-05,CAP,626.9
2026,4,1,2026,2026-01,DEPT-05,CAP,722.1
2026,5,2,2026,2026-02,DEPT-05,CAP,724.3
2026,6,3,2026,2026-03,DEPT-05,CAP,641.7
2026,7,4,2026,2026-04,DEPT-05,CAP,758.2
2026,8,5,2026,2026-05,DEPT-05,CAP,834.8
2026,1,10,2025,2025-10,DEPT-05,GRANTS,278.4
2026,2,11,2025,2025-11,DEPT-05,GRANTS,350.0
2026,3,12,2025,2025-12,DEPT-05,GRANTS,367.4
2026,4,1,2026,2026-01,DEPT-05,GRANTS,429.2
2026,5,2,2026,2026-02,DEPT-05,GRANTS,472.9
2026,6,3,2026,2026-03,DEPT-05,GRANTS,520.2
2026,7,4,2026,2026-04,DEPT-05,GRANTS,485.1
2026,8,5,2026,2026-05,DEPT-05,GRANTS,533.8
2026,1,10,2025,2025-10,DEPT-05,CONTR,159.0
2026,2,11,2025,2025-11,DEPT-05,CONTR,235.7
2026,3,12,2025,2025-12,DEPT-05,CONTR,280.8
2026,4,1,2026,2026-01,DEPT-05,CONTR,289.9
2026,5,2,2026,2026-02,DEPT-05,CONTR,342.7
2026,6,3,2026,2026-03,DEPT-05,CONTR,359.1
2026,7,4,2026,2026-04,DEPT-05,CONTR,314.0
2026,8,5,2026,2026-05,DEPT-05,CONTR,412.8
2019,1,10,2018,2018-10,DEPT-06,PERS,1513.6
2019,2,11,2018,2018-11,DEPT-06,PERS,2076.0
2019,3,12,2018,2018-12,DEPT-06,PERS,2119.5
2019,4,1,2019,2019-01,DEPT-06,PERS,2549.5
2019,5,2,2019,2019-02,DEPT-06,PERS,2663.4
2019,6,3,2019,2019-03,DEPT-06,PERS,2977.2
2019,7,4,2019,2019-04,DEPT-06,PERS,3119.2
2019,8,5,2019,2019-05,DEPT-06,PERS,3203.3
2019,9,6,2019,2019-06,DEPT-06,PERS,3027.5
2019,10,7,2019,2019-07,DEPT-06,PERS,3364.3
2019,11,8,2019,2019-08,DEPT-06,PERS,3983.3
2019,12,9,2019,2019-09,DEPT-06,PERS,5265.0
2019,1,10,2018,2018-10,DEPT-06,OPS,496.6
2019,2,11,2018,2018-11,DEPT-06,OPS,669.9
2019,3,12,2018,2018-12,DEPT-06,OPS,737.1
2019,4,1,2019,2019-01,DEPT-06,OPS,749.3
2019,5,2,2019,2019-02,DEPT-06,OPS,850.6
2019,6,3,2019,2019-03,DEPT-06,OPS,944.8
2019,7,4,2019,2019-04,DEPT-06,OPS,1011.6
2019,8,5,2019,2019-05,DEPT-06,OPS,1200.9
2019,9,6,2019,2019-06,DEPT-06,OPS,1043.0
2019,10,7,2019,2019-07,DEPT-06,OPS,1210.8
2019,11,8,2019,2019-08,DEPT-06,OPS,1379.5
2019,12,9,2019,2019-09,DEPT-06,OPS,1678.8
2019,1,10,2018,2018-10,DEPT-06,CAP,252.1
2019,2,11,2018,2018-11,DEPT-06,CAP,281.2
2019,3,12,2018,2018-12,DEPT-06,CAP,363.8
2019,4,1,2019,2019-01,DEPT-06,CAP,373.4
2019,5,2,2019,2019-02,DEPT-06,CAP,377.2
2019,6,3,2019,2019-03,DEPT-06,CAP,437.1
2019,7,4,2019,2019-04,DEPT-06,CAP,454.5
2019,8,5,2019,2019-05,DEPT-06,CAP,549.7
2019,9,6,2019,2019-06,DEPT-06,CAP,581.0
2019,10,7,2019,2019-07,DEPT-06,CAP,568.4
2019,11,8,2019,2019-08,DEPT-06,CAP,657.1
2019,12,9,2019,2019-09,DEPT-06,CAP,720.3
2019,1,10,2018,2018-10,DEPT-06,GRANTS,211.6
2019,2,11,2018,2018-11,DEPT-06,GRANTS,277.8
2019,3,12,2018,2018-12,DEPT-06,GRANTS,339.2
2019,4,1,2019,2019-01,DEPT-06,GRANTS,323.1
2019,5,2,2019,2019-02,DEPT-06,GRANTS,398.0
2019,6,3,2019,2019-03,DEPT-06,GRANTS,344.1
2019,7,4,2019,2019-04,DEPT-06,GRANTS,374.5
2019,8,5,2019,2019-05,DEPT-06,GRANTS,465.6
2019,9,6,2019,2019-06,DEPT-06,GRANTS,527.2
2019,10,7,2019,2019-07,DEPT-06,GRANTS,534.3
2019,11,8,2019,2019-08,DEPT-06,GRANTS,561.1
2019,12,9,2019,2019-09,DEPT-06,GRANTS,585.1
2019,1,10,2018,2018-10,DEPT-06,CONTR,105.6
2019,2,11,2018,2018-11,DEPT-06,CONTR,155.6
2019,3,12,2018,2018-12,DEPT-06,CONTR,176.8
2019,4,1,2019,2019-01,DEPT-06,CONTR,178.7
2019,5,2,2019,2019-02,DEPT-06,CONTR,211.1
2019,6,3,2019,2019-03,DEPT-06,CONTR,226.1
2019,7,4,2019,2019-04,DEPT-06,CONTR,256.0
2019,8,5,2019,2019-05,DEPT-06,CONTR,254.8
2019,9,6,2019,2019-06,DEPT-06,CONTR,292.2
2019,10,7,2019,2019-07,DEPT-06,CONTR,294.2
2019,11,8,2019,2019-08,DEPT-06,CONTR,319.1
2019,12,9,2019,2019-09,DEPT-06,CONTR,440.6
2020,1,10,2019,2019-10,DEPT-06,PERS,1290.7
2020,2,11,2019,2019-11,DEPT-06,PERS,2096.9
2020,3,12,2019,2019-12,DEPT-06,PERS,2083.4
2020,4,1,2020,2020-01,DEPT-06,PERS,2244.6
2020,5,2,2020,2020-02,DEPT-06,PERS,2431.9
2020,6,3,2020,2020-03,DEPT-06,PERS,2863.3
2020,7,4,2020,2020-04,DEPT-06,PERS,2812.7
2020,8,5,2020,2020-05,DEPT-06,PERS,2441.0
2020,9,6,2020,2020-06,DEPT-06,PERS,3288.2
2020,10,7,2020,2020-07,DEPT-06,PERS,3178.3
2020,11,8,2020,2020-08,DEPT-06,PERS,3609.3
2020,12,9,2020,2020-09,DEPT-06,PERS,4050.4
2020,1,10,2019,2019-10,DEPT-06,OPS,488.8
2020,2,11,2019,2019-11,DEPT-06,OPS,543.4
2020,3,12,2019,2019-12,DEPT-06,OPS,682.9
2020,4,1,2020,2020-01,DEPT-06,OPS,713.0
2020,5,2,2020,2020-02,DEPT-06,OPS,902.1
2020,6,3,2020,2020-03,DEPT-06,OPS,966.0
2020,7,4,2020,2020-04,DEPT-06,OPS,889.2
2020,8,5,2020,2020-05,DEPT-06,OPS,942.8
2020,9,6,2020,2020-06,DEPT-06,OPS,960.6
2020,10,7,2020,2020-07,DEPT-06,OPS,1191.2
2020,11,8,2020,2020-08,DEPT-06,OPS,1167.1
2020,12,9,2020,2020-09,DEPT-06,OPS,1460.4
2020,1,10,2019,2019-10,DEPT-06,CAP,272.7
2020,2,11,2019,2019-11,DEPT-06,CAP,295.7
2020,3,12,2019,2019-12,DEPT-06,CAP,364.1
2020,4,1,2020,2020-01,DEPT-06,CAP,343.6
2020,5,2,2020,2020-02,DEPT-06,CAP,445.2
2020,6,3,2020,2020-03,DEPT-06,CAP,519.3
2020,7,4,2020,2020-04,DEPT-06,CAP,505.2
2020,8,5,2020,2020-05,DEPT-06,CAP,564.9
2020,9,6,2020,2020-06,DEPT-06,CAP,497.7
2020,10,7,2020,2020-07,DEPT-06,CAP,601.2
2020,11,8,2020,2020-08,DEPT-06,CAP,597.4
2020,12,9,2020,2020-09,DEPT-06,CAP,799.9
2020,1,10,2019,2019-10,DEPT-06,GRANTS,219.4
2020,2,11,2019,2019-11,DEPT-06,GRANTS,254.7
2020,3,12,2019,2019-12,DEPT-06,GRANTS,264.8
2020,4,1,2020,2020-01,DEPT-06,GRANTS,287.7
2020,5,2,2020,2020-02,DEPT-06,GRANTS,306.4
2020,6,3,2020,2020-03,DEPT-06,GRANTS,381.9
2020,7,4,2020,2020-04,DEPT-06,GRANTS,454.8
2020,8,5,2020,2020-05,DEPT-06,GRANTS,458.4
2020,9,6,2020,2020-06,DEPT-06,GRANTS,370.1
2020,10,7,2020,2020-07,DEPT-06,GRANTS,537.0
2020,11,8,2020,2020-08,DEPT-06,GRANTS,567.7
2020,12,9,2020,2020-09,DEPT-06,GRANTS,583.6
2020,1,10,2019,2019-10,DEPT-06,CONTR,124.6
2020,2,11,2019,2019-11,DEPT-06,CONTR,169.8
2020,3,12,2019,2019-12,DEPT-06,CONTR,192.6
2020,4,1,2020,2020-01,DEPT-06,CONTR,177.9
2020,5,2,2020,2020-02,DEPT-06,CONTR,223.3
2020,6,3,2020,2020-03,DEPT-06,CONTR,188.3
2020,7,4,2020,2020-04,DEPT-06,CONTR,237.0
2020,8,5,2020,2020-05,DEPT-06,CONTR,278.7
2020,9,6,2020,2020-06,DEPT-06,CONTR,270.1
2020,10,7,2020,2020-07,DEPT-06,CONTR,286.2
2020,11,8,2020,2020-08,DEPT-06,CONTR,349.7
2020,12,9,2020,2020-09,DEPT-06,CONTR,443.7
2021,1,10,2020,2020-10,DEPT-06,PERS,1592.1
2021,2,11,2020,2020-11,DEPT-06,PERS,1884.5
2021,3,12,2020,2020-12,DEPT-06,PERS,2261.7
2021,4,1,2021,2021-01,DEPT-06,PERS,2373.1
2021,5,2,2021,2021-02,DEPT-06,PERS,2452.8
2021,6,3,2021,2021-03,DEPT-06,PERS,2580.3
2021,7,4,2021,2021-04,DEPT-06,PERS,2670.4
2021,8,5,2021,2021-05,DEPT-06,PERS,2602.6
2021,9,6,2021,2021-06,DEPT-06,PERS,2809.8
2021,10,7,2021,2021-07,DEPT-06,PERS,3286.7
2021,11,8,2021,2021-08,DEPT-06,PERS,3753.9
2021,12,9,2021,2021-09,DEPT-06,PERS,5178.8
2021,1,10,2020,2020-10,DEPT-06,OPS,536.6
2021,2,11,2020,2020-11,DEPT-06,OPS,710.9
2021,3,12,2020,2020-12,DEPT-06,OPS,844.8
2021,4,1,2021,2021-01,DEPT-06,OPS,822.0
2021,5,2,2021,2021-02,DEPT-06,OPS,940.0
2021,6,3,2021,2021-03,DEPT-06,OPS,938.5
2021,7,4,2021,2021-04,DEPT-06,OPS,1124.5
2021,8,5,2021,2021-05,DEPT-06,OPS,1131.6
2021,9,6,2021,2021-06,DEPT-06,OPS,1028.4
2021,10,7,2021,2021-07,DEPT-06,OPS,1272.5
2021,11,8,2021,2021-08,DEPT-06,OPS,1557.3
2021,12,9,2021,2021-09,DEPT-06,OPS,1709.7
2021,1,10,2020,2020-10,DEPT-06,CAP,233.9
2021,2,11,2020,2020-11,DEPT-06,CAP,288.1
2021,3,12,2020,2020-12,DEPT-06,CAP,299.1
2021,4,1,2021,2021-01,DEPT-06,CAP,365.6
2021,5,2,2021,2021-02,DEPT-06,CAP,334.4
2021,6,3,2021,2021-03,DEPT-06,CAP,381.4
2021,7,4,2021,2021-04,DEPT-06,CAP,463.3
2021,8,5,2021,2021-05,DEPT-06,CAP,464.5
2021,9,6,2021,2021-06,DEPT-06,CAP,465.1
2021,10,7,2021,2021-07,DEPT-06,CAP,545.7
2021,11,8,2021,2021-08,DEPT-06,CAP,574.3
2021,12,9,2021,2021-09,DEPT-06,CAP,728.4
2021,1,10,2020,2020-10,DEPT-06,GRANTS,222.8
2021,2,11,2020,2020-11,DEPT-06,GRANTS,243.6
2021,3,12,2020,2020-12,DEPT-06,GRANTS,306.7
2021,4,1,2021,2021-01,DEPT-06,GRANTS,321.0
2021,5,2,2021,2021-02,DEPT-06,GRANTS,308.0
2021,6,3,2021,2021-03,DEPT-06,GRANTS,348.5
2021,7,4,2021,2021-04,DEPT-06,GRANTS,449.9
2021,8,5,2021,2021-05,DEPT-06,GRANTS,436.3
2021,9,6,2021,2021-06,DEPT-06,GRANTS,399.5
2021,10,7,2021,2021-07,DEPT-06,GRANTS,433.0
2021,11,8,2021,2021-08,DEPT-06,GRANTS,536.0
2021,12,9,2021,2021-09,DEPT-06,GRANTS,767.1
2021,1,10,2020,2020-10,DEPT-06,CONTR,115.3
2021,2,11,2020,2020-11,DEPT-06,CONTR,158.0
2021,3,12,2020,2020-12,DEPT-06,CONTR,173.8
2021,4,1,2021,2021-01,DEPT-06,CONTR,188.9
2021,5,2,2021,2021-02,DEPT-06,CONTR,174.2
2021,6,3,2021,2021-03,DEPT-06,CONTR,223.7
2021,7,4,2021,2021-04,DEPT-06,CONTR,215.1
2021,8,5,2021,2021-05,DEPT-06,CONTR,250.2
2021,9,6,2021,2021-06,DEPT-06,CONTR,231.0
2021,10,7,2021,2021-07,DEPT-06,CONTR,277.0
2021,11,8,2021,2021-08,DEPT-06,CONTR,307.5
2021,12,9,2021,2021-09,DEPT-06,CONTR,372.5
2022,1,10,2021,2021-10,DEPT-06,PERS,1517.1
2022,2,11,2021,2021-11,DEPT-06,PERS,1757.9
2022,3,12,2021,2021-12,DEPT-06,PERS,2012.5
2022,4,1,2022,2022-01,DEPT-06,PERS,2579.6
2022,5,2,2022,2022-02,DEPT-06,PERS,2654.8
2022,6,3,2022,2022-03,DEPT-06,PERS,2453.6
2022,7,4,2022,2022-04,DEPT-06,PERS,2902.1
2022,8,5,2022,2022-05,DEPT-06,PERS,2764.5
2022,9,6,2022,2022-06,DEPT-06,PERS,2808.4
2022,10,7,2022,2022-07,DEPT-06,PERS,3712.6
2022,11,8,2022,2022-08,DEPT-06,PERS,3243.6
2022,12,9,2022,2022-09,DEPT-06,PERS,5086.4
2022,1,10,2021,2021-10,DEPT-06,OPS,581.0
2022,2,11,2021,2021-11,DEPT-06,OPS,712.5
2022,3,12,2021,2021-12,DEPT-06,OPS,884.6
2022,4,1,2022,2022-01,DEPT-06,OPS,965.3
2022,5,2,2022,2022-02,DEPT-06,OPS,922.9
2022,6,3,2022,2022-03,DEPT-06,OPS,1114.7
2022,7,4,2022,2022-04,DEPT-06,OPS,1130.2
2022,8,5,2022,2022-05,DEPT-06,OPS,1066.8
2022,9,6,2022,2022-06,DEPT-06,OPS,1234.8
2022,10,7,2022,2022-07,DEPT-06,OPS,1536.5
2022,11,8,2022,2022-08,DEPT-06,OPS,1718.6
2022,12,9,2022,2022-09,DEPT-06,OPS,2020.3
2022,1,10,2021,2021-10,DEPT-06,CAP,245.5
2022,2,11,2021,2021-11,DEPT-06,CAP,344.7
2022,3,12,2021,2021-12,DEPT-06,CAP,418.7
2022,4,1,2022,2022-01,DEPT-06,CAP,446.6
2022,5,2,2022,2022-02,DEPT-06,CAP,480.7
2022,6,3,2022,2022-03,DEPT-06,CAP,496.5
2022,7,4,2022,2022-04,DEPT-06,CAP,509.6
2022,8,5,2022,2022-05,DEPT-06,CAP,516.3
2022,9,6,2022,2022-06,DEPT-06,CAP,485.9
2022,10,7,2022,2022-07,DEPT-06,CAP,650.4
2022,11,8,2022,2022-08,DEPT-06,CAP,703.8
2022,12,9,2022,2022-09,DEPT-06,CAP,913.4
2022,1,10,2021,2021-10,DEPT-06,GRANTS,194.3
2022,2,11,2021,2021-11,DEPT-06,GRANTS,279.7
2022,3,12,2021,2021-12,DEPT-06,GRANTS,366.0
2022,4,1,2022,2022-01,DEPT-06,GRANTS,340.6
2022,5,2,2022,2022-02,DEPT-06,GRANTS,360.9
2022,6,3,2022,2022-03,DEPT-06,GRANTS,396.4
2022,7,4,2022,2022-04,DEPT-06,GRANTS,477.9
2022,8,5,2022,2022-05,DEPT-06,GRANTS,399.6
2022,9,6,2022,2022-06,DEPT-06,GRANTS,466.9
2022,10,7,2022,2022-07,DEPT-06,GRANTS,475.3
2022,11,8,2022,2022-08,DEPT-06,GRANTS,531.8
2022,12,9,2022,2022-09,DEPT-06,GRANTS,698.4
2022,1,10,2021,2021-10,DEPT-06,CONTR,113.2
2022,2,11,2021,2021-11,DEPT-06,CONTR,142.9
2022,3,12,2021,2021-12,DEPT-06,CONTR,152.9
2022,4,1,2022,2022-01,DEPT-06,CONTR,154.2
2022,5,2,2022,2022-02,DEPT-06,CONTR,204.3
2022,6,3,2022,2022-03,DEPT-06,CONTR,175.5
2022,7,4,2022,2022-04,DEPT-06,CONTR,184.2
2022,8,5,2022,2022-05,DEPT-06,CONTR,175.4
2022,9,6,2022,2022-06,DEPT-06,CONTR,239.8
2022,10,7,2022,2022-07,DEPT-06,CONTR,256.9
2022,11,8,2022,2022-08,DEPT-06,CONTR,311.7
2022,12,9,2022,2022-09,DEPT-06,CONTR,292.7
2023,1,10,2022,2022-10,DEPT-06,PERS,1679.3
2023,2,11,2022,2022-11,DEPT-06,PERS,1848.4
2023,3,12,2022,2022-12,DEPT-06,PERS,2312.4
2023,4,1,2023,2023-01,DEPT-06,PERS,2031.0
2023,5,2,2023,2023-02,DEPT-06,PERS,2800.9
2023,6,3,2023,2023-03,DEPT-06,PERS,2841.8
2023,7,4,2023,2023-04,DEPT-06,PERS,2831.9
2023,8,5,2023,2023-05,DEPT-06,PERS,3163.0
2023,9,6,2023,2023-06,DEPT-06,PERS,2980.5
2023,10,7,2023,2023-07,DEPT-06,PERS,3346.5
2023,11,8,2023,2023-08,DEPT-06,PERS,3700.8
2023,12,9,2023,2023-09,DEPT-06,PERS,4127.7
2023,1,10,2022,2022-10,DEPT-06,OPS,654.7
2023,2,11,2022,2022-11,DEPT-06,OPS,820.0
2023,3,12,2022,2022-12,DEPT-06,OPS,835.1
2023,4,1,2023,2023-01,DEPT-06,OPS,979.3
2023,5,2,2023,2023-02,DEPT-06,OPS,999.1
2023,6,3,2023,2023-03,DEPT-06,OPS,1117.5
2023,7,4,2023,2023-04,DEPT-06,OPS,1098.8
2023,8,5,2023,2023-05,DEPT-06,OPS,1138.4
2023,9,6,2023,2023-06,DEPT-06,OPS,1401.8
2023,10,7,2023,2023-07,DEPT-06,OPS,1421.8
2023,11,8,2023,2023-08,DEPT-06,OPS,1818.4
2023,12,9,2023,2023-09,DEPT-06,OPS,1980.9
2023,1,10,2022,2022-10,DEPT-06,CAP,235.8
2023,2,11,2022,2022-11,DEPT-06,CAP,341.8
2023,3,12,2022,2022-12,DEPT-06,CAP,386.4
2023,4,1,2023,2023-01,DEPT-06,CAP,419.1
2023,5,2,2023,2023-02,DEPT-06,CAP,464.8
2023,6,3,2023,2023-03,DEPT-06,CAP,429.0
2023,7,4,2023,2023-04,DEPT-06,CAP,476.1
2023,8,5,2023,2023-05,DEPT-06,CAP,502.3
2023,9,6,2023,2023-06,DEPT-06,CAP,482.0
2023,10,7,2023,2023-07,DEPT-06,CAP,581.6
2023,11,8,2023,2023-08,DEPT-06,CAP,720.3
2023,12,9,2023,2023-09,DEPT-06,CAP,836.1
2023,1,10,2022,2022-10,DEPT-06,GRANTS,189.3
2023,2,11,2022,2022-11,DEPT-06,GRANTS,227.0
2023,3,12,2022,2022-12,DEPT-06,GRANTS,347.2
2023,4,1,2023,2023-01,DEPT-06,GRANTS,327.6
2023,5,2,2023,2023-02,DEPT-06,GRANTS,335.2
2023,6,3,2023,2023-03,DEPT-06,GRANTS,368.8
2023,7,4,2023,2023-04,DEPT-06,GRANTS,353.3
2023,8,5,2023,2023-05,DEPT-06,GRANTS,472.6
2023,9,6,2023,2023-06,DEPT-06,GRANTS,433.7
2023,10,7,2023,2023-07,DEPT-06,GRANTS,549.1
2023,11,8,2023,2023-08,DEPT-06,GRANTS,544.3
2023,12,9,2023,2023-09,DEPT-06,GRANTS,761.7
2023,1,10,2022,2022-10,DEPT-06,CONTR,163.8
2023,2,11,2022,2022-11,DEPT-06,CONTR,209.6
2023,3,12,2022,2022-12,DEPT-06,CONTR,245.2
2023,4,1,2023,2023-01,DEPT-06,CONTR,262.1
2023,5,2,2023,2023-02,DEPT-06,CONTR,275.0
2023,6,3,2023,2023-03,DEPT-06,CONTR,280.0
2023,7,4,2023,2023-04,DEPT-06,CONTR,349.7
2023,8,5,2023,2023-05,DEPT-06,CONTR,297.7
2023,9,6,2023,2023-06,DEPT-06,CONTR,339.0
2023,10,7,2023,2023-07,DEPT-06,CONTR,375.0
2023,11,8,2023,2023-08,DEPT-06,CONTR,423.4
2023,12,9,2023,2023-09,DEPT-06,CONTR,499.5
2024,1,10,2023,2023-10,DEPT-06,PERS,1812.8
2024,2,11,2023,2023-11,DEPT-06,PERS,2132.0
2024,3,12,2023,2023-12,DEPT-06,PERS,2230.9
2024,4,1,2024,2024-01,DEPT-06,PERS,2752.7
2024,5,2,2024,2024-02,DEPT-06,PERS,2687.6
2024,6,3,2024,2024-03,DEPT-06,PERS,2707.4
2024,7,4,2024,2024-04,DEPT-06,PERS,3376.6
2024,8,5,2024,2024-05,DEPT-06,PERS,3674.5
2024,9,6,2024,2024-06,DEPT-06,PERS,3890.3
2024,10,7,2024,2024-07,DEPT-06,PERS,4313.1
2024,11,8,2024,2024-08,DEPT-06,PERS,3820.2
2024,12,9,2024,2024-09,DEPT-06,PERS,5077.3
2024,1,10,2023,2023-10,DEPT-06,OPS,748.4
2024,2,11,2023,2023-11,DEPT-06,OPS,723.8
2024,3,12,2023,2023-12,DEPT-06,OPS,979.3
2024,4,1,2024,2024-01,DEPT-06,OPS,950.2
2024,5,2,2024,2024-02,DEPT-06,OPS,1084.1
2024,6,3,2024,2024-03,DEPT-06,OPS,1090.9
2024,7,4,2024,2024-04,DEPT-06,OPS,1275.7
2024,8,5,2024,2024-05,DEPT-06,OPS,1306.9
2024,9,6,2024,2024-06,DEPT-06,OPS,1315.6
2024,10,7,2024,2024-07,DEPT-06,OPS,1381.5
2024,11,8,2024,2024-08,DEPT-06,OPS,1687.2
2024,12,9,2024,2024-09,DEPT-06,OPS,1880.7
2024,1,10,2023,2023-10,DEPT-06,CAP,220.4
2024,2,11,2023,2023-11,DEPT-06,CAP,315.2
2024,3,12,2023,2023-12,DEPT-06,CAP,341.0
2024,4,1,2024,2024-01,DEPT-06,CAP,350.5
2024,5,2,2024,2024-02,DEPT-06,CAP,352.7
2024,6,3,2024,2024-03,DEPT-06,CAP,320.1
2024,7,4,2024,2024-04,DEPT-06,CAP,359.9
2024,8,5,2024,2024-05,DEPT-06,CAP,469.9
2024,9,6,2024,2024-06,DEPT-06,CAP,421.4
2024,10,7,2024,2024-07,DEPT-06,CAP,469.4
2024,11,8,2024,2024-08,DEPT-06,CAP,537.3
2024,12,9,2024,2024-09,DEPT-06,CAP,628.3
2024,1,10,2023,2023-10,DEPT-06,GRANTS,197.9
2024,2,11,2023,2023-11,DEPT-06,GRANTS,267.2
2024,3,12,2023,2023-12,DEPT-06,GRANTS,294.4
2024,4,1,2024,2024-01,DEPT-06,GRANTS,321.2
2024,5,2,2024,2024-02,DEPT-06,GRANTS,342.9
2024,6,3,2024,2024-03,DEPT-06,GRANTS,406.5
2024,7,4,2024,2024-04,DEPT-06,GRANTS,406.9
2024,8,5,2024,2024-05,DEPT-06,GRANTS,432.7
2024,9,6,2024,2024-06,DEPT-06,GRANTS,485.5
2024,10,7,2024,2024-07,DEPT-06,GRANTS,506.3
2024,11,8,2024,2024-08,DEPT-06,GRANTS,548.4
2024,12,9,2024,2024-09,DEPT-06,GRANTS,733.8
2024,1,10,2023,2023-10,DEPT-06,CONTR,171.0
2024,2,11,2023,2023-11,DEPT-06,CONTR,196.0
2024,3,12,2023,2023-12,DEPT-06,CONTR,235.9
2024,4,1,2024,2024-01,DEPT-06,CONTR,236.6
2024,5,2,2024,2024-02,DEPT-06,CONTR,251.8
2024,6,3,2024,2024-03,DEPT-06,CONTR,306.2
2024,7,4,2024,2024-04,DEPT-06,CONTR,317.4
2024,8,5,2024,2024-05,DEPT-06,CONTR,336.4
2024,9,6,2024,2024-06,DEPT-06,CONTR,350.3
2024,10,7,2024,2024-07,DEPT-06,CONTR,380.1
2024,11,8,2024,2024-08,DEPT-06,CONTR,437.8
2024,12,9,2024,2024-09,DEPT-06,CONTR,562.0
2025,1,10,2024,2024-10,DEPT-06,PERS,1807.8
2025,2,11,2024,2024-11,DEPT-06,PERS,2042.8
2025,3,12,2024,2024-12,DEPT-06,PERS,2703.9
2025,4,1,2025,2025-01,DEPT-06,PERS,2669.0
2025,5,2,2025,2025-02,DEPT-06,PERS,2950.4
2025,6,3,2025,2025-03,DEPT-06,PERS,3063.1
2025,7,4,2025,2025-04,DEPT-06,PERS,3245.7
2025,8,5,2025,2025-05,DEPT-06,PERS,3171.6
2025,9,6,2025,2025-06,DEPT-06,PERS,3756.8
2025,10,7,2025,2025-07,DEPT-06,PERS,4826.6
2025,11,8,2025,2025-08,DEPT-06,PERS,4177.0
2025,12,9,2025,2025-09,DEPT-06,PERS,5460.3
2025,1,10,2024,2024-10,DEPT-06,OPS,566.2
2025,2,11,2024,2024-11,DEPT-06,OPS,689.6
2025,3,12,2024,2024-12,DEPT-06,OPS,952.9
2025,4,1,2025,2025-01,DEPT-06,OPS,864.2
2025,5,2,2025,2025-02,DEPT-06,OPS,941.5
2025,6,3,2025,2025-03,DEPT-06,OPS,911.3
2025,7,4,2025,2025-04,DEPT-06,OPS,1041.8
2025,8,5,2025,2025-05,DEPT-06,OPS,1013.8
2025,9,6,2025,2025-06,DEPT-06,OPS,1302.2
2025,10,7,2025,2025-07,DEPT-06,OPS,1676.9
2025,11,8,2025,2025-08,DEPT-06,OPS,1456.5
2025,12,9,2025,2025-09,DEPT-06,OPS,1639.7
2025,1,10,2024,2024-10,DEPT-06,CAP,373.0
2025,2,11,2024,2024-11,DEPT-06,CAP,400.6
2025,3,12,2024,2024-12,DEPT-06,CAP,554.9
2025,4,1,2025,2025-01,DEPT-06,CAP,529.1
2025,5,2,2025,2025-02,DEPT-06,CAP,550.7
2025,6,3,2025,2025-03,DEPT-06,CAP,609.8
2025,7,4,2025,2025-04,DEPT-06,CAP,697.1
2025,8,5,2025,2025-05,DEPT-06,CAP,683.3
2025,9,6,2025,2025-06,DEPT-06,CAP,705.4
2025,10,7,2025,2025-07,DEPT-06,CAP,799.0
2025,11,8,2025,2025-08,DEPT-06,CAP,798.8
2025,12,9,2025,2025-09,DEPT-06,CAP,1156.9
2025,1,10,2024,2024-10,DEPT-06,GRANTS,209.3
2025,2,11,2024,2024-11,DEPT-06,GRANTS,287.8
2025,3,12,2024,2024-12,DEPT-06,GRANTS,374.1
2025,4,1,2025,2025-01,DEPT-06,GRANTS,389.0
2025,5,2,2025,2025-02,DEPT-06,GRANTS,426.2
2025,6,3,2025,2025-03,DEPT-06,GRANTS,431.8
2025,7,4,2025,2025-04,DEPT-06,GRANTS,504.4
2025,8,5,2025,2025-05,DEPT-06,GRANTS,524.4
2025,9,6,2025,2025-06,DEPT-06,GRANTS,533.8
2025,10,7,2025,2025-07,DEPT-06,GRANTS,612.0
2025,11,8,2025,2025-08,DEPT-06,GRANTS,661.4
2025,12,9,2025,2025-09,DEPT-06,GRANTS,759.1
2025,1,10,2024,2024-10,DEPT-06,CONTR,131.2
2025,2,11,2024,2024-11,DEPT-06,CONTR,185.8
2025,3,12,2024,2024-12,DEPT-06,CONTR,221.7
2025,4,1,2025,2025-01,DEPT-06,CONTR,248.7
2025,5,2,2025,2025-02,DEPT-06,CONTR,226.7
2025,6,3,2025,2025-03,DEPT-06,CONTR,242.5
2025,7,4,2025,2025-04,DEPT-06,CONTR,288.0
2025,8,5,2025,2025-05,DEPT-06,CONTR,292.4
2025,9,6,2025,2025-06,DEPT-06,CONTR,263.6
2025,10,7,2025,2025-07,DEPT-06,CONTR,353.4
2025,11,8,2025,2025-08,DEPT-06,CONTR,320.1
2025,12,9,2025,2025-09,DEPT-06,CONTR,438.0
2026,1,10,2025,2025-10,DEPT-06,PERS,1837.2
2026,2,11,2025,2025-11,DEPT-06,PERS,2322.2
2026,3,12,2025,2025-12,DEPT-06,PERS,2161.9
2026,4,1,2026,2026-01,DEPT-06,PERS,2511.0
2026,5,2,2026,2026-02,DEPT-06,PERS,2772.6
2026,6,3,2026,2026-03,DEPT-06,PERS,3367.4
2026,7,4,2026,2026-04,DEPT-06,PERS,3008.1
2026,8,5,2026,2026-05,DEPT-06,PERS,3189.3
2026,1,10,2025,2025-10,DEPT-06,OPS,714.6
2026,2,11,2025,2025-11,DEPT-06,OPS,753.9
2026,3,12,2025,2025-12,DEPT-06,OPS,971.5
2026,4,1,2026,2026-01,DEPT-06,OPS,872.2
2026,5,2,2026,2026-02,DEPT-06,OPS,1045.2
2026,6,3,2026,2026-03,DEPT-06,OPS,980.3
2026,7,4,2026,2026-04,DEPT-06,OPS,1099.6
2026,8,5,2026,2026-05,DEPT-06,OPS,1357.1
2026,1,10,2025,2025-10,DEPT-06,CAP,335.2
2026,2,11,2025,2025-11,DEPT-06,CAP,400.8
2026,3,12,2025,2025-12,DEPT-06,CAP,456.9
2026,4,1,2026,2026-01,DEPT-06,CAP,514.2
2026,5,2,2026,2026-02,DEPT-06,CAP,574.3
2026,6,3,2026,2026-03,DEPT-06,CAP,645.3
2026,7,4,2026,2026-04,DEPT-06,CAP,502.1
2026,8,5,2026,2026-05,DEPT-06,CAP,628.2
2026,1,10,2025,2025-10,DEPT-06,GRANTS,233.1
2026,2,11,2025,2025-11,DEPT-06,GRANTS,279.1
2026,3,12,2025,2025-12,DEPT-06,GRANTS,343.2
2026,4,1,2026,2026-01,DEPT-06,GRANTS,365.7
2026,5,2,2026,2026-02,DEPT-06,GRANTS,374.3
2026,6,3,2026,2026-03,DEPT-06,GRANTS,392.0
2026,7,4,2026,2026-04,DEPT-06,GRANTS,426.2
2026,8,5,2026,2026-05,DEPT-06,GRANTS,502.7
2026,1,10,2025,2025-10,DEPT-06,CONTR,151.7
2026,2,11,2025,2025-11,DEPT-06,CONTR,196.0
2026,3,12,2025,2025-12,DEPT-06,CONTR,236.2
2026,4,1,2026,2026-01,DEPT-06,CONTR,282.0
2026,5,2,2026,2026-02,DEPT-06,CONTR,262.2
2026,6,3,2026,2026-03,DEPT-06,CONTR,308.5
2026,7,4,2026,2026-04,DEPT-06,CONTR,334.5
2026,8,5,2026,2026-05,DEPT-06,CONTR,320.7
2019,1,10,2018,2018-10,DEPT-07,PERS,2216.6
2019,2,11,2018,2018-11,DEPT-07,PERS,2683.0
2019,3,12,2018,2018-12,DEPT-07,PERS,3189.9
2019,4,1,2019,2019-01,DEPT-07,PERS,3746.8
2019,5,2,2019,2019-02,DEPT-07,PERS,3827.0
2019,6,3,2019,2019-03,DEPT-07,PERS,4083.6
2019,7,4,2019,2019-04,DEPT-07,PERS,3875.3
2019,8,5,2019,2019-05,DEPT-07,PERS,4160.1
2019,9,6,2019,2019-06,DEPT-07,PERS,5575.8
2019,10,7,2019,2019-07,DEPT-07,PERS,5185.8
2019,11,8,2019,2019-08,DEPT-07,PERS,5404.5
2019,12,9,2019,2019-09,DEPT-07,PERS,8096.4
2019,1,10,2018,2018-10,DEPT-07,OPS,732.8
2019,2,11,2018,2018-11,DEPT-07,OPS,916.4
2019,3,12,2018,2018-12,DEPT-07,OPS,1023.7
2019,4,1,2019,2019-01,DEPT-07,OPS,1086.4
2019,5,2,2019,2019-02,DEPT-07,OPS,1178.2
2019,6,3,2019,2019-03,DEPT-07,OPS,1133.1
2019,7,4,2019,2019-04,DEPT-07,OPS,1344.2
2019,8,5,2019,2019-05,DEPT-07,OPS,1467.3
2019,9,6,2019,2019-06,DEPT-07,OPS,1736.9
2019,10,7,2019,2019-07,DEPT-07,OPS,1683.7
2019,11,8,2019,2019-08,DEPT-07,OPS,1489.5
2019,12,9,2019,2019-09,DEPT-07,OPS,2291.9
2019,1,10,2018,2018-10,DEPT-07,CAP,625.5
2019,2,11,2018,2018-11,DEPT-07,CAP,670.6
2019,3,12,2018,2018-12,DEPT-07,CAP,693.0
2019,4,1,2019,2019-01,DEPT-07,CAP,835.9
2019,5,2,2019,2019-02,DEPT-07,CAP,804.4
2019,6,3,2019,2019-03,DEPT-07,CAP,813.4
2019,7,4,2019,2019-04,DEPT-07,CAP,942.2
2019,8,5,2019,2019-05,DEPT-07,CAP,1033.7
2019,9,6,2019,2019-06,DEPT-07,CAP,921.0
2019,10,7,2019,2019-07,DEPT-07,CAP,1087.1
2019,11,8,2019,2019-08,DEPT-07,CAP,1312.3
2019,12,9,2019,2019-09,DEPT-07,CAP,1599.3
2019,1,10,2018,2018-10,DEPT-07,GRANTS,356.7
2019,2,11,2018,2018-11,DEPT-07,GRANTS,381.6
2019,3,12,2018,2018-12,DEPT-07,GRANTS,528.0
2019,4,1,2019,2019-01,DEPT-07,GRANTS,487.0
2019,5,2,2019,2019-02,DEPT-07,GRANTS,652.1
2019,6,3,2019,2019-03,DEPT-07,GRANTS,530.4
2019,7,4,2019,2019-04,DEPT-07,GRANTS,596.1
2019,8,5,2019,2019-05,DEPT-07,GRANTS,714.7
2019,9,6,2019,2019-06,DEPT-07,GRANTS,827.2
2019,10,7,2019,2019-07,DEPT-07,GRANTS,827.2
2019,11,8,2019,2019-08,DEPT-07,GRANTS,923.5
2019,12,9,2019,2019-09,DEPT-07,GRANTS,1115.8
2019,1,10,2018,2018-10,DEPT-07,CONTR,216.5
2019,2,11,2018,2018-11,DEPT-07,CONTR,277.0
2019,3,12,2018,2018-12,DEPT-07,CONTR,307.7
2019,4,1,2019,2019-01,DEPT-07,CONTR,329.4
2019,5,2,2019,2019-02,DEPT-07,CONTR,405.8
2019,6,3,2019,2019-03,DEPT-07,CONTR,381.7
2019,7,4,2019,2019-04,DEPT-07,CONTR,456.9
2019,8,5,2019,2019-05,DEPT-07,CONTR,422.6
2019,9,6,2019,2019-06,DEPT-07,CONTR,509.8
2019,10,7,2019,2019-07,DEPT-07,CONTR,528.9
2019,11,8,2019,2019-08,DEPT-07,CONTR,670.7
2019,12,9,2019,2019-09,DEPT-07,CONTR,779.8
2020,1,10,2019,2019-10,DEPT-07,PERS,2508.0
2020,2,11,2019,2019-11,DEPT-07,PERS,2620.9
2020,3,12,2019,2019-12,DEPT-07,PERS,3311.6
2020,4,1,2020,2020-01,DEPT-07,PERS,3271.7
2020,5,2,2020,2020-02,DEPT-07,PERS,3678.1
2020,6,3,2020,2020-03,DEPT-07,PERS,3972.5
2020,7,4,2020,2020-04,DEPT-07,PERS,4060.8
2020,8,5,2020,2020-05,DEPT-07,PERS,4120.9
2020,9,6,2020,2020-06,DEPT-07,PERS,4273.5
2020,10,7,2020,2020-07,DEPT-07,PERS,4328.7
2020,11,8,2020,2020-08,DEPT-07,PERS,5339.8
2020,12,9,2020,2020-09,DEPT-07,PERS,7723.5
2020,1,10,2019,2019-10,DEPT-07,OPS,807.5
2020,2,11,2019,2019-11,DEPT-07,OPS,1007.8
2020,3,12,2019,2019-12,DEPT-07,OPS,1529.0
2020,4,1,2020,2020-01,DEPT-07,OPS,1366.9
2020,5,2,2020,2020-02,DEPT-07,OPS,1582.8
2020,6,3,2020,2020-03,DEPT-07,OPS,1730.6
2020,7,4,2020,2020-04,DEPT-07,OPS,1841.6
2020,8,5,2020,2020-05,DEPT-07,OPS,1626.2
2020,9,6,2020,2020-06,DEPT-07,OPS,1918.5
2020,10,7,2020,2020-07,DEPT-07,OPS,1880.7
2020,11,8,2020,2020-08,DEPT-07,OPS,2829.2
2020,12,9,2020,2020-09,DEPT-07,OPS,2602.7
2020,1,10,2019,2019-10,DEPT-07,CAP,554.5
2020,2,11,2019,2019-11,DEPT-07,CAP,678.1
2020,3,12,2019,2019-12,DEPT-07,CAP,769.5
2020,4,1,2020,2020-01,DEPT-07,CAP,1043.3
2020,5,2,2020,2020-02,DEPT-07,CAP,1204.2
2020,6,3,2020,2020-03,DEPT-07,CAP,1035.0
2020,7,4,2020,2020-04,DEPT-07,CAP,1022.4
2020,8,5,2020,2020-05,DEPT-07,CAP,993.8
2020,9,6,2020,2020-06,DEPT-07,CAP,1252.7
2020,10,7,2020,2020-07,DEPT-07,CAP,1376.4
2020,11,8,2020,2020-08,DEPT-07,CAP,1466.1
2020,12,9,2020,2020-09,DEPT-07,CAP,1984.7
2020,1,10,2019,2019-10,DEPT-07,GRANTS,405.2
2020,2,11,2019,2019-11,DEPT-07,GRANTS,492.4
2020,3,12,2019,2019-12,DEPT-07,GRANTS,553.0
2020,4,1,2020,2020-01,DEPT-07,GRANTS,557.1
2020,5,2,2020,2020-02,DEPT-07,GRANTS,689.4
2020,6,3,2020,2020-03,DEPT-07,GRANTS,698.9
2020,7,4,2020,2020-04,DEPT-07,GRANTS,794.6
2020,8,5,2020,2020-05,DEPT-07,GRANTS,835.1
2020,9,6,2020,2020-06,DEPT-07,GRANTS,734.8
2020,10,7,2020,2020-07,DEPT-07,GRANTS,811.3
2020,11,8,2020,2020-08,DEPT-07,GRANTS,943.0
2020,12,9,2020,2020-09,DEPT-07,GRANTS,1158.6
2020,1,10,2019,2019-10,DEPT-07,CONTR,250.1
2020,2,11,2019,2019-11,DEPT-07,CONTR,296.3
2020,3,12,2019,2019-12,DEPT-07,CONTR,370.6
2020,4,1,2020,2020-01,DEPT-07,CONTR,378.5
2020,5,2,2020,2020-02,DEPT-07,CONTR,399.6
2020,6,3,2020,2020-03,DEPT-07,CONTR,459.5
2020,7,4,2020,2020-04,DEPT-07,CONTR,462.2
2020,8,5,2020,2020-05,DEPT-07,CONTR,474.2
2020,9,6,2020,2020-06,DEPT-07,CONTR,556.8
2020,10,7,2020,2020-07,DEPT-07,CONTR,555.3
2020,11,8,2020,2020-08,DEPT-07,CONTR,588.0
2020,12,9,2020,2020-09,DEPT-07,CONTR,709.0
2021,1,10,2020,2020-10,DEPT-07,PERS,2606.5
2021,2,11,2020,2020-11,DEPT-07,PERS,3314.6
2021,3,12,2020,2020-12,DEPT-07,PERS,3550.1
2021,4,1,2021,2021-01,DEPT-07,PERS,4240.4
2021,5,2,2021,2021-02,DEPT-07,PERS,3464.7
2021,6,3,2021,2021-03,DEPT-07,PERS,4367.7
2021,7,4,2021,2021-04,DEPT-07,PERS,4646.4
2021,8,5,2021,2021-05,DEPT-07,PERS,4648.5
2021,9,6,2021,2021-06,DEPT-07,PERS,6203.2
2021,10,7,2021,2021-07,DEPT-07,PERS,5727.6
2021,11,8,2021,2021-08,DEPT-07,PERS,6100.8
2021,12,9,2021,2021-09,DEPT-07,PERS,7968.2
2021,1,10,2020,2020-10,DEPT-07,OPS,913.5
2021,2,11,2020,2020-11,DEPT-07,OPS,1248.7
2021,3,12,2020,2020-12,DEPT-07,OPS,1694.8
2021,4,1,2021,2021-01,DEPT-07,OPS,1606.9
2021,5,2,2021,2021-02,DEPT-07,OPS,1692.7
2021,6,3,2021,2021-03,DEPT-07,OPS,2136.4
2021,7,4,2021,2021-04,DEPT-07,OPS,2275.0
2021,8,5,2021,2021-05,DEPT-07,OPS,2265.5
2021,9,6,2021,2021-06,DEPT-07,OPS,2212.8
2021,10,7,2021,2021-07,DEPT-07,OPS,2489.5
2021,11,8,2021,2021-08,DEPT-07,OPS,2601.0
2021,12,9,2021,2021-09,DEPT-07,OPS,3226.1
2021,1,10,2020,2020-10,DEPT-07,CAP,578.8
2021,2,11,2020,2020-11,DEPT-07,CAP,733.7
2021,3,12,2020,2020-12,DEPT-07,CAP,836.7
2021,4,1,2021,2021-01,DEPT-07,CAP,859.5
2021,5,2,2021,2021-02,DEPT-07,CAP,1071.0
2021,6,3,2021,2021-03,DEPT-07,CAP,1143.8
2021,7,4,2021,2021-04,DEPT-07,CAP,1355.2
2021,8,5,2021,2021-05,DEPT-07,CAP,1195.5
2021,9,6,2021,2021-06,DEPT-07,CAP,1364.8
2021,10,7,2021,2021-07,DEPT-07,CAP,1510.4
2021,11,8,2021,2021-08,DEPT-07,CAP,1581.1
2021,12,9,2021,2021-09,DEPT-07,CAP,2156.1
2021,1,10,2020,2020-10,DEPT-07,GRANTS,408.4
2021,2,11,2020,2020-11,DEPT-07,GRANTS,482.3
2021,3,12,2020,2020-12,DEPT-07,GRANTS,544.1
2021,4,1,2021,2021-01,DEPT-07,GRANTS,581.1
2021,5,2,2021,2021-02,DEPT-07,GRANTS,570.8
2021,6,3,2021,2021-03,DEPT-07,GRANTS,639.6
2021,7,4,2021,2021-04,DEPT-07,GRANTS,690.2
2021,8,5,2021,2021-05,DEPT-07,GRANTS,699.9
2021,9,6,2021,2021-06,DEPT-07,GRANTS,840.4
2021,10,7,2021,2021-07,DEPT-07,GRANTS,983.2
2021,11,8,2021,2021-08,DEPT-07,GRANTS,911.3
2021,12,9,2021,2021-09,DEPT-07,GRANTS,1267.2
2021,1,10,2020,2020-10,DEPT-07,CONTR,248.5
2021,2,11,2020,2020-11,DEPT-07,CONTR,323.1
2021,3,12,2020,2020-12,DEPT-07,CONTR,369.8
2021,4,1,2021,2021-01,DEPT-07,CONTR,441.8
2021,5,2,2021,2021-02,DEPT-07,CONTR,427.1
2021,6,3,2021,2021-03,DEPT-07,CONTR,520.7
2021,7,4,2021,2021-04,DEPT-07,CONTR,501.7
2021,8,5,2021,2021-05,DEPT-07,CONTR,513.7
2021,9,6,2021,2021-06,DEPT-07,CONTR,514.6
2021,10,7,2021,2021-07,DEPT-07,CONTR,645.0
2021,11,8,2021,2021-08,DEPT-07,CONTR,742.0
2021,12,9,2021,2021-09,DEPT-07,CONTR,892.1
2022,1,10,2021,2021-10,DEPT-07,PERS,3390.5
2022,2,11,2021,2021-11,DEPT-07,PERS,3916.5
2022,3,12,2021,2021-12,DEPT-07,PERS,4051.3
2022,4,1,2022,2022-01,DEPT-07,PERS,4359.1
2022,5,2,2022,2022-02,DEPT-07,PERS,4972.5
2022,6,3,2022,2022-03,DEPT-07,PERS,4769.2
2022,7,4,2022,2022-04,DEPT-07,PERS,5938.2
2022,8,5,2022,2022-05,DEPT-07,PERS,5917.3
2022,9,6,2022,2022-06,DEPT-07,PERS,6195.0
2022,10,7,2022,2022-07,DEPT-07,PERS,7078.1
2022,11,8,2022,2022-08,DEPT-07,PERS,8361.2
2022,12,9,2022,2022-09,DEPT-07,PERS,9392.1
2022,1,10,2021,2021-10,DEPT-07,OPS,953.7
2022,2,11,2021,2021-11,DEPT-07,OPS,1318.3
2022,3,12,2021,2021-12,DEPT-07,OPS,1497.8
2022,4,1,2022,2022-01,DEPT-07,OPS,1458.7
2022,5,2,2022,2022-02,DEPT-07,OPS,1604.7
2022,6,3,2022,2022-03,DEPT-07,OPS,1737.7
2022,7,4,2022,2022-04,DEPT-07,OPS,1870.6
2022,8,5,2022,2022-05,DEPT-07,OPS,1716.0
2022,9,6,2022,2022-06,DEPT-07,OPS,1781.1
2022,10,7,2022,2022-07,DEPT-07,OPS,2086.3
2022,11,8,2022,2022-08,DEPT-07,OPS,2269.7
2022,12,9,2022,2022-09,DEPT-07,OPS,2941.5
2022,1,10,2021,2021-10,DEPT-07,CAP,632.0
2022,2,11,2021,2021-11,DEPT-07,CAP,725.2
2022,3,12,2021,2021-12,DEPT-07,CAP,882.4
2022,4,1,2022,2022-01,DEPT-07,CAP,844.0
2022,5,2,2022,2022-02,DEPT-07,CAP,965.4
2022,6,3,2022,2022-03,DEPT-07,CAP,1119.5
2022,7,4,2022,2022-04,DEPT-07,CAP,1190.2
2022,8,5,2022,2022-05,DEPT-07,CAP,1133.2
2022,9,6,2022,2022-06,DEPT-07,CAP,1286.2
2022,10,7,2022,2022-07,DEPT-07,CAP,1650.3
2022,11,8,2022,2022-08,DEPT-07,CAP,1534.9
2022,12,9,2022,2022-09,DEPT-07,CAP,1830.5
2022,1,10,2021,2021-10,DEPT-07,GRANTS,384.7
2022,2,11,2021,2021-11,DEPT-07,GRANTS,480.3
2022,3,12,2021,2021-12,DEPT-07,GRANTS,556.6
2022,4,1,2022,2022-01,DEPT-07,GRANTS,605.3
2022,5,2,2022,2022-02,DEPT-07,GRANTS,575.1
2022,6,3,2022,2022-03,DEPT-07,GRANTS,640.1
2022,7,4,2022,2022-04,DEPT-07,GRANTS,728.0
2022,8,5,2022,2022-05,DEPT-07,GRANTS,769.9
2022,9,6,2022,2022-06,DEPT-07,GRANTS,786.2
2022,10,7,2022,2022-07,DEPT-07,GRANTS,897.3
2022,11,8,2022,2022-08,DEPT-07,GRANTS,1001.7
2022,12,9,2022,2022-09,DEPT-07,GRANTS,1346.4
2022,1,10,2021,2021-10,DEPT-07,CONTR,281.1
2022,2,11,2021,2021-11,DEPT-07,CONTR,357.4
2022,3,12,2021,2021-12,DEPT-07,CONTR,391.6
2022,4,1,2022,2022-01,DEPT-07,CONTR,460.9
2022,5,2,2022,2022-02,DEPT-07,CONTR,486.4
2022,6,3,2022,2022-03,DEPT-07,CONTR,538.6
2022,7,4,2022,2022-04,DEPT-07,CONTR,565.8
2022,8,5,2022,2022-05,DEPT-07,CONTR,593.4
2022,9,6,2022,2022-06,DEPT-07,CONTR,593.5
2022,10,7,2022,2022-07,DEPT-07,CONTR,674.1
2022,11,8,2022,2022-08,DEPT-07,CONTR,785.7
2022,12,9,2022,2022-09,DEPT-07,CONTR,865.4
2023,1,10,2022,2022-10,DEPT-07,PERS,2957.6
2023,2,11,2022,2022-11,DEPT-07,PERS,3861.4
2023,3,12,2022,2022-12,DEPT-07,PERS,4647.6
2023,4,1,2023,2023-01,DEPT-07,PERS,4524.8
2023,5,2,2023,2023-02,DEPT-07,PERS,5159.2
2023,6,3,2023,2023-03,DEPT-07,PERS,5494.6
2023,7,4,2023,2023-04,DEPT-07,PERS,4839.8
2023,8,5,2023,2023-05,DEPT-07,PERS,6118.9
2023,9,6,2023,2023-06,DEPT-07,PERS,6491.5
2023,10,7,2023,2023-07,DEPT-07,PERS,7173.1
2023,11,8,2023,2023-08,DEPT-07,PERS,8859.8
2023,12,9,2023,2023-09,DEPT-07,PERS,9058.4
2023,1,10,2022,2022-10,DEPT-07,OPS,1002.0
2023,2,11,2022,2022-11,DEPT-07,OPS,1037.2
2023,3,12,2022,2022-12,DEPT-07,OPS,1490.0
2023,4,1,2023,2023-01,DEPT-07,OPS,1615.9
2023,5,2,2023,2023-02,DEPT-07,OPS,1715.0
2023,6,3,2023,2023-03,DEPT-07,OPS,2076.2
2023,7,4,2023,2023-04,DEPT-07,OPS,2165.9
2023,8,5,2023,2023-05,DEPT-07,OPS,2158.9
2023,9,6,2023,2023-06,DEPT-07,OPS,2197.6
2023,10,7,2023,2023-07,DEPT-07,OPS,2708.7
2023,11,8,2023,2023-08,DEPT-07,OPS,2737.2
2023,12,9,2023,2023-09,DEPT-07,OPS,3230.5
2023,1,10,2022,2022-10,DEPT-07,CAP,585.5
2023,2,11,2022,2022-11,DEPT-07,CAP,800.2
2023,3,12,2022,2022-12,DEPT-07,CAP,1039.5
2023,4,1,2023,2023-01,DEPT-07,CAP,1248.0
2023,5,2,2023,2023-02,DEPT-07,CAP,1136.7
2023,6,3,2023,2023-03,DEPT-07,CAP,1132.7
2023,7,4,2023,2023-04,DEPT-07,CAP,1160.4
2023,8,5,2023,2023-05,DEPT-07,CAP,1417.3
2023,9,6,2023,2023-06,DEPT-07,CAP,1230.5
2023,10,7,2023,2023-07,DEPT-07,CAP,1653.3
2023,11,8,2023,2023-08,DEPT-07,CAP,1847.9
2023,12,9,2023,2023-09,DEPT-07,CAP,2263.2
2023,1,10,2022,2022-10,DEPT-07,GRANTS,418.3
2023,2,11,2022,2022-11,DEPT-07,GRANTS,543.9
2023,3,12,2022,2022-12,DEPT-07,GRANTS,623.4
2023,4,1,2023,2023-01,DEPT-07,GRANTS,621.1
2023,5,2,2023,2023-02,DEPT-07,GRANTS,814.6
2023,6,3,2023,2023-03,DEPT-07,GRANTS,735.6
2023,7,4,2023,2023-04,DEPT-07,GRANTS,854.1
2023,8,5,2023,2023-05,DEPT-07,GRANTS,686.8
2023,9,6,2023,2023-06,DEPT-07,GRANTS,990.6
2023,10,7,2023,2023-07,DEPT-07,GRANTS,1110.2
2023,11,8,2023,2023-08,DEPT-07,GRANTS,1090.6
2023,12,9,2023,2023-09,DEPT-07,GRANTS,1433.2
2023,1,10,2022,2022-10,DEPT-07,CONTR,324.5
2023,2,11,2022,2022-11,DEPT-07,CONTR,360.1
2023,3,12,2022,2022-12,DEPT-07,CONTR,468.3
2023,4,1,2023,2023-01,DEPT-07,CONTR,451.9
2023,5,2,2023,2023-02,DEPT-07,CONTR,492.5
2023,6,3,2023,2023-03,DEPT-07,CONTR,602.0
2023,7,4,2023,2023-04,DEPT-07,CONTR,632.5
2023,8,5,2023,2023-05,DEPT-07,CONTR,586.1
2023,9,6,2023,2023-06,DEPT-07,CONTR,617.3
2023,10,7,2023,2023-07,DEPT-07,CONTR,687.4
2023,11,8,2023,2023-08,DEPT-07,CONTR,840.3
2023,12,9,2023,2023-09,DEPT-07,CONTR,920.8
2024,1,10,2023,2023-10,DEPT-07,PERS,3165.8
2024,2,11,2023,2023-11,DEPT-07,PERS,3986.7
2024,3,12,2023,2023-12,DEPT-07,PERS,4414.6
2024,4,1,2024,2024-01,DEPT-07,PERS,5174.8
2024,5,2,2024,2024-02,DEPT-07,PERS,5005.0
2024,6,3,2024,2024-03,DEPT-07,PERS,5378.3
2024,7,4,2024,2024-04,DEPT-07,PERS,5359.4
2024,8,5,2024,2024-05,DEPT-07,PERS,6656.9
2024,9,6,2024,2024-06,DEPT-07,PERS,6099.5
2024,10,7,2024,2024-07,DEPT-07,PERS,7382.9
2024,11,8,2024,2024-08,DEPT-07,PERS,7821.0
2024,12,9,2024,2024-09,DEPT-07,PERS,9082.6
2024,1,10,2023,2023-10,DEPT-07,OPS,1097.1
2024,2,11,2023,2023-11,DEPT-07,OPS,1565.5
2024,3,12,2023,2023-12,DEPT-07,OPS,1692.7
2024,4,1,2024,2024-01,DEPT-07,OPS,1649.2
2024,5,2,2024,2024-02,DEPT-07,OPS,1969.1
2024,6,3,2024,2024-03,DEPT-07,OPS,2026.3
2024,7,4,2024,2024-04,DEPT-07,OPS,2780.4
2024,8,5,2024,2024-05,DEPT-07,OPS,2359.2
2024,9,6,2024,2024-06,DEPT-07,OPS,2360.6
2024,10,7,2024,2024-07,DEPT-07,OPS,2996.7
2024,11,8,2024,2024-08,DEPT-07,OPS,2513.2
2024,12,9,2024,2024-09,DEPT-07,OPS,3744.2
2024,1,10,2023,2023-10,DEPT-07,CAP,896.9
2024,2,11,2023,2023-11,DEPT-07,CAP,936.6
2024,3,12,2023,2023-12,DEPT-07,CAP,962.4
2024,4,1,2024,2024-01,DEPT-07,CAP,1165.1
2024,5,2,2024,2024-02,DEPT-07,CAP,1439.2
2024,6,3,2024,2024-03,DEPT-07,CAP,1416.5
2024,7,4,2024,2024-04,DEPT-07,CAP,1363.0
2024,8,5,2024,2024-05,DEPT-07,CAP,1462.2
2024,9,6,2024,2024-06,DEPT-07,CAP,1559.9
2024,10,7,2024,2024-07,DEPT-07,CAP,1857.0
2024,11,8,2024,2024-08,DEPT-07,CAP,2188.4
2024,12,9,2024,2024-09,DEPT-07,CAP,2702.3
2024,1,10,2023,2023-10,DEPT-07,GRANTS,521.6
2024,2,11,2023,2023-11,DEPT-07,GRANTS,549.6
2024,3,12,2023,2023-12,DEPT-07,GRANTS,649.7
2024,4,1,2024,2024-01,DEPT-07,GRANTS,816.2
2024,5,2,2024,2024-02,DEPT-07,GRANTS,748.5
2024,6,3,2024,2024-03,DEPT-07,GRANTS,878.5
2024,7,4,2024,2024-04,DEPT-07,GRANTS,973.7
2024,8,5,2024,2024-05,DEPT-07,GRANTS,914.9
2024,9,6,2024,2024-06,DEPT-07,GRANTS,975.4
2024,10,7,2024,2024-07,DEPT-07,GRANTS,1165.4
2024,11,8,2024,2024-08,DEPT-07,GRANTS,1337.9
2024,12,9,2024,2024-09,DEPT-07,GRANTS,1759.3
2024,1,10,2023,2023-10,DEPT-07,CONTR,350.8
2024,2,11,2023,2023-11,DEPT-07,CONTR,411.3
2024,3,12,2023,2023-12,DEPT-07,CONTR,454.4
2024,4,1,2024,2024-01,DEPT-07,CONTR,475.8
2024,5,2,2024,2024-02,DEPT-07,CONTR,534.8
2024,6,3,2024,2024-03,DEPT-07,CONTR,614.2
2024,7,4,2024,2024-04,DEPT-07,CONTR,648.9
2024,8,5,2024,2024-05,DEPT-07,CONTR,556.7
2024,9,6,2024,2024-06,DEPT-07,CONTR,661.9
2024,10,7,2024,2024-07,DEPT-07,CONTR,855.8
2024,11,8,2024,2024-08,DEPT-07,CONTR,860.4
2024,12,9,2024,2024-09,DEPT-07,CONTR,955.8
2025,1,10,2024,2024-10,DEPT-07,PERS,4903.8
2025,2,11,2024,2024-11,DEPT-07,PERS,5031.4
2025,3,12,2024,2024-12,DEPT-07,PERS,6143.3
2025,4,1,2025,2025-01,DEPT-07,PERS,6623.6
2025,5,2,2025,2025-02,DEPT-07,PERS,6674.7
2025,6,3,2025,2025-03,DEPT-07,PERS,6908.4
2025,7,4,2025,2025-04,DEPT-07,PERS,9116.7
2025,8,5,2025,2025-05,DEPT-07,PERS,8914.6
2025,9,6,2025,2025-06,DEPT-07,PERS,9283.6
2025,10,7,2025,2025-07,DEPT-07,PERS,10071.6
2025,11,8,2025,2025-08,DEPT-07,PERS,9698.3
2025,12,9,2025,2025-09,DEPT-07,PERS,14654.2
2025,1,10,2024,2024-10,DEPT-07,OPS,1241.1
2025,2,11,2024,2024-11,DEPT-07,OPS,1663.5
2025,3,12,2024,2024-12,DEPT-07,OPS,1670.3
2025,4,1,2025,2025-01,DEPT-07,OPS,1732.2
2025,5,2,2025,2025-02,DEPT-07,OPS,2274.6
2025,6,3,2025,2025-03,DEPT-07,OPS,2212.9
2025,7,4,2025,2025-04,DEPT-07,OPS,2113.8
2025,8,5,2025,2025-05,DEPT-07,OPS,2776.9
2025,9,6,2025,2025-06,DEPT-07,OPS,3286.2
2025,10,7,2025,2025-07,DEPT-07,OPS,3450.6
2025,11,8,2025,2025-08,DEPT-07,OPS,3331.1
2025,12,9,2025,2025-09,DEPT-07,OPS,4291.4
2025,1,10,2024,2024-10,DEPT-07,CAP,790.2
2025,2,11,2024,2024-11,DEPT-07,CAP,982.7
2025,3,12,2024,2024-12,DEPT-07,CAP,1036.5
2025,4,1,2025,2025-01,DEPT-07,CAP,1150.9
2025,5,2,2025,2025-02,DEPT-07,CAP,1259.3
2025,6,3,2025,2025-03,DEPT-07,CAP,1369.8
2025,7,4,2025,2025-04,DEPT-07,CAP,1378.8
2025,8,5,2025,2025-05,DEPT-07,CAP,1461.5
2025,9,6,2025,2025-06,DEPT-07,CAP,1729.6
2025,10,7,2025,2025-07,DEPT-07,CAP,1888.2
2025,11,8,2025,2025-08,DEPT-07,CAP,1957.6
2025,12,9,2025,2025-09,DEPT-07,CAP,2704.4
2025,1,10,2024,2024-10,DEPT-07,GRANTS,526.3
2025,2,11,2024,2024-11,DEPT-07,GRANTS,750.0
2025,3,12,2024,2024-12,DEPT-07,GRANTS,818.6
2025,4,1,2025,2025-01,DEPT-07,GRANTS,1066.0
2025,5,2,2025,2025-02,DEPT-07,GRANTS,818.9
2025,6,3,2025,2025-03,DEPT-07,GRANTS,912.3
2025,7,4,2025,2025-04,DEPT-07,GRANTS,1060.3
2025,8,5,2025,2025-05,DEPT-07,GRANTS,1120.8
2025,9,6,2025,2025-06,DEPT-07,GRANTS,1325.5
2025,10,7,2025,2025-07,DEPT-07,GRANTS,1199.5
2025,11,8,2025,2025-08,DEPT-07,GRANTS,1488.5
2025,12,9,2025,2025-09,DEPT-07,GRANTS,1912.8
2025,1,10,2024,2024-10,DEPT-07,CONTR,385.3
2025,2,11,2024,2024-11,DEPT-07,CONTR,411.5
2025,3,12,2024,2024-12,DEPT-07,CONTR,586.2
2025,4,1,2025,2025-01,DEPT-07,CONTR,623.2
2025,5,2,2025,2025-02,DEPT-07,CONTR,637.1
2025,6,3,2025,2025-03,DEPT-07,CONTR,659.0
2025,7,4,2025,2025-04,DEPT-07,CONTR,701.4
2025,8,5,2025,2025-05,DEPT-07,CONTR,724.9
2025,9,6,2025,2025-06,DEPT-07,CONTR,809.5
2025,10,7,2025,2025-07,DEPT-07,CONTR,853.2
2025,11,8,2025,2025-08,DEPT-07,CONTR,868.9
2025,12,9,2025,2025-09,DEPT-07,CONTR,1076.7
2026,1,10,2025,2025-10,DEPT-07,PERS,3789.4
2026,2,11,2025,2025-11,DEPT-07,PERS,5015.5
2026,3,12,2025,2025-12,DEPT-07,PERS,5811.4
2026,4,1,2026,2026-01,DEPT-07,PERS,6380.0
2026,5,2,2026,2026-02,DEPT-07,PERS,6989.2
2026,6,3,2026,2026-03,DEPT-07,PERS,6808.2
2026,7,4,2026,2026-04,DEPT-07,PERS,8508.9
2026,8,5,2026,2026-05,DEPT-07,PERS,7891.3
2026,1,10,2025,2025-10,DEPT-07,OPS,1292.6
2026,2,11,2025,2025-11,DEPT-07,OPS,1699.7
2026,3,12,2025,2025-12,DEPT-07,OPS,1650.0
2026,4,1,2026,2026-01,DEPT-07,OPS,1951.2
2026,5,2,2026,2026-02,DEPT-07,OPS,2406.9
2026,6,3,2026,2026-03,DEPT-07,OPS,2049.6
2026,7,4,2026,2026-04,DEPT-07,OPS,2755.4
2026,8,5,2026,2026-05,DEPT-07,OPS,3001.8
2026,1,10,2025,2025-10,DEPT-07,CAP,827.0
2026,2,11,2025,2025-11,DEPT-07,CAP,1065.8
2026,3,12,2025,2025-12,DEPT-07,CAP,1341.1
2026,4,1,2026,2026-01,DEPT-07,CAP,1276.1
2026,5,2,2026,2026-02,DEPT-07,CAP,1518.9
2026,6,3,2026,2026-03,DEPT-07,CAP,1433.6
2026,7,4,2026,2026-04,DEPT-07,CAP,1548.1
2026,8,5,2026,2026-05,DEPT-07,CAP,1595.3
2026,1,10,2025,2025-10,DEPT-07,GRANTS,589.8
2026,2,11,2025,2025-11,DEPT-07,GRANTS,766.6
2026,3,12,2025,2025-12,DEPT-07,GRANTS,817.0
2026,4,1,2026,2026-01,DEPT-07,GRANTS,802.2
2026,5,2,2026,2026-02,DEPT-07,GRANTS,873.9
2026,6,3,2026,2026-03,DEPT-07,GRANTS,1052.8
2026,7,4,2026,2026-04,DEPT-07,GRANTS,1244.3
2026,8,5,2026,2026-05,DEPT-07,GRANTS,1184.3
2026,1,10,2025,2025-10,DEPT-07,CONTR,411.9
2026,2,11,2025,2025-11,DEPT-07,CONTR,551.4
2026,3,12,2025,2025-12,DEPT-07,CONTR,602.3
2026,4,1,2026,2026-01,DEPT-07,CONTR,641.3
2026,5,2,2026,2026-02,DEPT-07,CONTR,654.2
2026,6,3,2026,2026-03,DEPT-07,CONTR,840.9
2026,7,4,2026,2026-04,DEPT-07,CONTR,639.9
2026,8,5,2026,2026-05,DEPT-07,CONTR,904.5
2019,1,10,2018,2018-10,DEPT-08,PERS,872.4
2019,2,11,2018,2018-11,DEPT-08,PERS,1071.0
2019,3,12,2018,2018-12,DEPT-08,PERS,1485.8
2019,4,1,2019,2019-01,DEPT-08,PERS,1328.8
2019,5,2,2019,2019-02,DEPT-08,PERS,1427.8
2019,6,3,2019,2019-03,DEPT-08,PERS,1593.8
2019,7,4,2019,2019-04,DEPT-08,PERS,1767.9
2019,8,5,2019,2019-05,DEPT-08,PERS,1747.9
2019,9,6,2019,2019-06,DEPT-08,PERS,1671.8
2019,10,7,2019,2019-07,DEPT-08,PERS,1967.5
2019,11,8,2019,2019-08,DEPT-08,PERS,2552.6
2019,12,9,2019,2019-09,DEPT-08,PERS,2936.7
2019,1,10,2018,2018-10,DEPT-08,OPS,424.7
2019,2,11,2018,2018-11,DEPT-08,OPS,490.6
2019,3,12,2018,2018-12,DEPT-08,OPS,560.9
2019,4,1,2019,2019-01,DEPT-08,OPS,723.3
2019,5,2,2019,2019-02,DEPT-08,OPS,672.9
2019,6,3,2019,2019-03,DEPT-08,OPS,702.9
2019,7,4,2019,2019-04,DEPT-08,OPS,842.2
2019,8,5,2019,2019-05,DEPT-08,OPS,772.5
2019,9,6,2019,2019-06,DEPT-08,OPS,824.2
2019,10,7,2019,2019-07,DEPT-08,OPS,957.3
2019,11,8,2019,2019-08,DEPT-08,OPS,1047.6
2019,12,9,2019,2019-09,DEPT-08,OPS,1348.3
2019,1,10,2018,2018-10,DEPT-08,CAP,251.3
2019,2,11,2018,2018-11,DEPT-08,CAP,270.2
2019,3,12,2018,2018-12,DEPT-08,CAP,251.8
2019,4,1,2019,2019-01,DEPT-08,CAP,343.6
2019,5,2,2019,2019-02,DEPT-08,CAP,359.9
2019,6,3,2019,2019-03,DEPT-08,CAP,384.0
2019,7,4,2019,2019-04,DEPT-08,CAP,414.6
2019,8,5,2019,2019-05,DEPT-08,CAP,429.6
2019,9,6,2019,2019-06,DEPT-08,CAP,452.5
2019,10,7,2019,2019-07,DEPT-08,CAP,526.9
2019,11,8,2019,2019-08,DEPT-08,CAP,526.3
2019,12,9,2019,2019-09,DEPT-08,CAP,641.1
2019,1,10,2018,2018-10,DEPT-08,GRANTS,173.1
2019,2,11,2018,2018-11,DEPT-08,GRANTS,160.6
2019,3,12,2018,2018-12,DEPT-08,GRANTS,203.0
2019,4,1,2019,2019-01,DEPT-08,GRANTS,190.9
2019,5,2,2019,2019-02,DEPT-08,GRANTS,234.5
2019,6,3,2019,2019-03,DEPT-08,GRANTS,229.3
2019,7,4,2019,2019-04,DEPT-08,GRANTS,254.0
2019,8,5,2019,2019-05,DEPT-08,GRANTS,302.1
2019,9,6,2019,2019-06,DEPT-08,GRANTS,305.4
2019,10,7,2019,2019-07,DEPT-08,GRANTS,340.1
2019,11,8,2019,2019-08,DEPT-08,GRANTS,305.8
2019,12,9,2019,2019-09,DEPT-08,GRANTS,515.2
2019,1,10,2018,2018-10,DEPT-08,CONTR,80.7
2019,2,11,2018,2018-11,DEPT-08,CONTR,122.4
2019,3,12,2018,2018-12,DEPT-08,CONTR,139.4
2019,4,1,2019,2019-01,DEPT-08,CONTR,145.2
2019,5,2,2019,2019-02,DEPT-08,CONTR,138.5
2019,6,3,2019,2019-03,DEPT-08,CONTR,160.5
2019,7,4,2019,2019-04,DEPT-08,CONTR,162.1
2019,8,5,2019,2019-05,DEPT-08,CONTR,178.8
2019,9,6,2019,2019-06,DEPT-08,CONTR,184.5
2019,10,7,2019,2019-07,DEPT-08,CONTR,174.2
2019,11,8,2019,2019-08,DEPT-08,CONTR,248.4
2019,12,9,2019,2019-09,DEPT-08,CONTR,285.6
2020,1,10,2019,2019-10,DEPT-08,PERS,887.3
2020,2,11,2019,2019-11,DEPT-08,PERS,1077.7
2020,3,12,2019,2019-12,DEPT-08,PERS,1371.7
2020,4,1,2020,2020-01,DEPT-08,PERS,1333.3
2020,5,2,2020,2020-02,DEPT-08,PERS,1261.0
2020,6,3,2020,2020-03,DEPT-08,PERS,1694.6
2020,7,4,2020,2020-04,DEPT-08,PERS,1816.1
2020,8,5,2020,2020-05,DEPT-08,PERS,1816.8
2020,9,6,2020,2020-06,DEPT-08,PERS,1769.9
2020,10,7,2020,2020-07,DEPT-08,PERS,2169.3
2020,11,8,2020,2020-08,DEPT-08,PERS,2082.8
2020,12,9,2020,2020-09,DEPT-08,PERS,2730.1
2020,1,10,2019,2019-10,DEPT-08,OPS,335.5
2020,2,11,2019,2019-11,DEPT-08,OPS,465.7
2020,3,12,2019,2019-12,DEPT-08,OPS,500.7
2020,4,1,2020,2020-01,DEPT-08,OPS,535.4
2020,5,2,2020,2020-02,DEPT-08,OPS,688.0
2020,6,3,2020,2020-03,DEPT-08,OPS,652.5
2020,7,4,2020,2020-04,DEPT-08,OPS,692.5
2020,8,5,2020,2020-05,DEPT-08,OPS,692.8
2020,9,6,2020,2020-06,DEPT-08,OPS,717.6
2020,10,7,2020,2020-07,DEPT-08,OPS,687.2
2020,11,8,2020,2020-08,DEPT-08,OPS,982.9
2020,12,9,2020,2020-09,DEPT-08,OPS,1191.5
2020,1,10,2019,2019-10,DEPT-08,CAP,228.1
2020,2,11,2019,2019-11,DEPT-08,CAP,279.7
2020,3,12,2019,2019-12,DEPT-08,CAP,353.9
2020,4,1,2020,2020-01,DEPT-08,CAP,315.2
2020,5,2,2020,2020-02,DEPT-08,CAP,367.4
2020,6,3,2020,2020-03,DEPT-08,CAP,373.9
2020,7,4,2020,2020-04,DEPT-08,CAP,499.0
2020,8,5,2020,2020-05,DEPT-08,CAP,495.2
2020,9,6,2020,2020-06,DEPT-08,CAP,402.4
2020,10,7,2020,2020-07,DEPT-08,CAP,474.5
2020,11,8,2020,2020-08,DEPT-08,CAP,585.0
2020,12,9,2020,2020-09,DEPT-08,CAP,717.4
2020,1,10,2019,2019-10,DEPT-08,GRANTS,119.3
2020,2,11,2019,2019-11,DEPT-08,GRANTS,188.4
2020,3,12,2019,2019-12,DEPT-08,GRANTS,197.5
2020,4,1,2020,2020-01,DEPT-08,GRANTS,215.4
2020,5,2,2020,2020-02,DEPT-08,GRANTS,210.0
2020,6,3,2020,2020-03,DEPT-08,GRANTS,250.8
2020,7,4,2020,2020-04,DEPT-08,GRANTS,244.3
2020,8,5,2020,2020-05,DEPT-08,GRANTS,260.7
2020,9,6,2020,2020-06,DEPT-08,GRANTS,295.4
2020,10,7,2020,2020-07,DEPT-08,GRANTS,270.7
2020,11,8,2020,2020-08,DEPT-08,GRANTS,384.4
2020,12,9,2020,2020-09,DEPT-08,GRANTS,436.1
2020,1,10,2019,2019-10,DEPT-08,CONTR,75.5
2020,2,11,2019,2019-11,DEPT-08,CONTR,76.5
2020,3,12,2019,2019-12,DEPT-08,CONTR,91.6
2020,4,1,2020,2020-01,DEPT-08,CONTR,96.6
2020,5,2,2020,2020-02,DEPT-08,CONTR,116.4
2020,6,3,2020,2020-03,DEPT-08,CONTR,122.4
2020,7,4,2020,2020-04,DEPT-08,CONTR,124.5
2020,8,5,2020,2020-05,DEPT-08,CONTR,125.8
2020,9,6,2020,2020-06,DEPT-08,CONTR,129.9
2020,10,7,2020,2020-07,DEPT-08,CONTR,159.2
2020,11,8,2020,2020-08,DEPT-08,CONTR,168.5
2020,12,9,2020,2020-09,DEPT-08,CONTR,208.5
2021,1,10,2020,2020-10,DEPT-08,PERS,1018.8
2021,2,11,2020,2020-11,DEPT-08,PERS,1100.8
2021,3,12,2020,2020-12,DEPT-08,PERS,1442.6
2021,4,1,2021,2021-01,DEPT-08,PERS,1350.1
2021,5,2,2021,2021-02,DEPT-08,PERS,1540.6
2021,6,3,2021,2021-03,DEPT-08,PERS,1604.6
2021,7,4,2021,2021-04,DEPT-08,PERS,1479.9
2021,8,5,2021,2021-05,DEPT-08,PERS,2020.4
2021,9,6,2021,2021-06,DEPT-08,PERS,1893.3
2021,10,7,2021,2021-07,DEPT-08,PERS,2241.8
2021,11,8,2021,2021-08,DEPT-08,PERS,2177.5
2021,12,9,2021,2021-09,DEPT-08,PERS,2882.8
2021,1,10,2020,2020-10,DEPT-08,OPS,313.8
2021,2,11,2020,2020-11,DEPT-08,OPS,452.9
2021,3,12,2020,2020-12,DEPT-08,OPS,499.2
2021,4,1,2021,2021-01,DEPT-08,OPS,539.9
2021,5,2,2021,2021-02,DEPT-08,OPS,623.1
2021,6,3,2021,2021-03,DEPT-08,OPS,654.9
2021,7,4,2021,2021-04,DEPT-08,OPS,675.9
2021,8,5,2021,2021-05,DEPT-08,OPS,597.7
2021,9,6,2021,2021-06,DEPT-08,OPS,672.3
2021,10,7,2021,2021-07,DEPT-08,OPS,723.6
2021,11,8,2021,2021-08,DEPT-08,OPS,911.9
2021,12,9,2021,2021-09,DEPT-08,OPS,1101.4
2021,1,10,2020,2020-10,DEPT-08,CAP,177.6
2021,2,11,2020,2020-11,DEPT-08,CAP,240.6
2021,3,12,2020,2020-12,DEPT-08,CAP,254.2
2021,4,1,2021,2021-01,DEPT-08,CAP,309.6
2021,5,2,2021,2021-02,DEPT-08,CAP,289.0
2021,6,3,2021,2021-03,DEPT-08,CAP,370.4
2021,7,4,2021,2021-04,DEPT-08,CAP,389.0
2021,8,5,2021,2021-05,DEPT-08,CAP,460.8
2021,9,6,2021,2021-06,DEPT-08,CAP,450.6
2021,10,7,2021,2021-07,DEPT-08,CAP,450.6
2021,11,8,2021,2021-08,DEPT-08,CAP,544.2
2021,12,9,2021,2021-09,DEPT-08,CAP,572.0
2021,1,10,2020,2020-10,DEPT-08,GRANTS,123.9
2021,2,11,2020,2020-11,DEPT-08,GRANTS,168.5
2021,3,12,2020,2020-12,DEPT-08,GRANTS,160.5
2021,4,1,2021,2021-01,DEPT-08,GRANTS,208.2
2021,5,2,2021,2021-02,DEPT-08,GRANTS,205.5
2021,6,3,2021,2021-03,DEPT-08,GRANTS,240.6
2021,7,4,2021,2021-04,DEPT-08,GRANTS,231.7
2021,8,5,2021,2021-05,DEPT-08,GRANTS,277.6
2021,9,6,2021,2021-06,DEPT-08,GRANTS,283.9
2021,10,7,2021,2021-07,DEPT-08,GRANTS,348.4
2021,11,8,2021,2021-08,DEPT-08,GRANTS,343.3
2021,12,9,2021,2021-09,DEPT-08,GRANTS,406.0
2021,1,10,2020,2020-10,DEPT-08,CONTR,76.6
2021,2,11,2020,2020-11,DEPT-08,CONTR,85.2
2021,3,12,2020,2020-12,DEPT-08,CONTR,116.5
2021,4,1,2021,2021-01,DEPT-08,CONTR,127.2
2021,5,2,2021,2021-02,DEPT-08,CONTR,155.9
2021,6,3,2021,2021-03,DEPT-08,CONTR,131.9
2021,7,4,2021,2021-04,DEPT-08,CONTR,144.4
2021,8,5,2021,2021-05,DEPT-08,CONTR,149.0
2021,9,6,2021,2021-06,DEPT-08,CONTR,167.7
2021,10,7,2021,2021-07,DEPT-08,CONTR,187.8
2021,11,8,2021,2021-08,DEPT-08,CONTR,198.8
2021,12,9,2021,2021-09,DEPT-08,CONTR,273.5
2022,1,10,2021,2021-10,DEPT-08,PERS,947.8
2022,2,11,2021,2021-11,DEPT-08,PERS,1314.8
2022,3,12,2021,2021-12,DEPT-08,PERS,1502.2
2022,4,1,2022,2022-01,DEPT-08,PERS,1549.5
2022,5,2,2022,2022-02,DEPT-08,PERS,1619.9
2022,6,3,2022,2022-03,DEPT-08,PERS,2116.6
2022,7,4,2022,2022-04,DEPT-08,PERS,1760.2
2022,8,5,2022,2022-05,DEPT-08,PERS,2041.6
2022,9,6,2022,2022-06,DEPT-08,PERS,1978.5
2022,10,7,2022,2022-07,DEPT-08,PERS,2658.8
2022,11,8,2022,2022-08,DEPT-08,PERS,2728.8
2022,12,9,2022,2022-09,DEPT-08,PERS,3038.4
2022,1,10,2021,2021-10,DEPT-08,OPS,328.7
2022,2,11,2021,2021-11,DEPT-08,OPS,393.8
2022,3,12,2021,2021-12,DEPT-08,OPS,437.2
2022,4,1,2022,2022-01,DEPT-08,OPS,520.9
2022,5,2,2022,2022-02,DEPT-08,OPS,542.6
2022,6,3,2022,2022-03,DEPT-08,OPS,570.9
2022,7,4,2022,2022-04,DEPT-08,OPS,594.3
2022,8,5,2022,2022-05,DEPT-08,OPS,653.2
2022,9,6,2022,2022-06,DEPT-08,OPS,678.7
2022,10,7,2022,2022-07,DEPT-08,OPS,740.1
2022,11,8,2022,2022-08,DEPT-08,OPS,765.4
2022,12,9,2022,2022-09,DEPT-08,OPS,1155.1
2022,1,10,2021,2021-10,DEPT-08,CAP,211.0
2022,2,11,2021,2021-11,DEPT-08,CAP,291.2
2022,3,12,2021,2021-12,DEPT-08,CAP,324.2
2022,4,1,2022,2022-01,DEPT-08,CAP,408.8
2022,5,2,2022,2022-02,DEPT-08,CAP,356.2
2022,6,3,2022,2022-03,DEPT-08,CAP,385.5
2022,7,4,2022,2022-04,DEPT-08,CAP,401.4
2022,8,5,2022,2022-05,DEPT-08,CAP,472.7
2022,9,6,2022,2022-06,DEPT-08,CAP,432.9
2022,10,7,2022,2022-07,DEPT-08,CAP,517.0
2022,11,8,2022,2022-08,DEPT-08,CAP,487.4
2022,12,9,2022,2022-09,DEPT-08,CAP,756.6
2022,1,10,2021,2021-10,DEPT-08,GRANTS,143.7
2022,2,11,2021,2021-11,DEPT-08,GRANTS,161.1
2022,3,12,2021,2021-12,DEPT-08,GRANTS,234.9
2022,4,1,2022,2022-01,DEPT-08,GRANTS,208.4
2022,5,2,2022,2022-02,DEPT-08,GRANTS,265.3
2022,6,3,2022,2022-03,DEPT-08,GRANTS,251.1
2022,7,4,2022,2022-04,DEPT-08,GRANTS,318.9
2022,8,5,2022,2022-05,DEPT-08,GRANTS,317.2
2022,9,6,2022,2022-06,DEPT-08,GRANTS,290.4
2022,10,7,2022,2022-07,DEPT-08,GRANTS,323.5
2022,11,8,2022,2022-08,DEPT-08,GRANTS,400.9
2022,12,9,2022,2022-09,DEPT-08,GRANTS,472.1
2022,1,10,2021,2021-10,DEPT-08,CONTR,88.8
2022,2,11,2021,2021-11,DEPT-08,CONTR,121.3
2022,3,12,2021,2021-12,DEPT-08,CONTR,122.3
2022,4,1,2022,2022-01,DEPT-08,CONTR,141.1
2022,5,2,2022,2022-02,DEPT-08,CONTR,161.5
2022,6,3,2022,2022-03,DEPT-08,CONTR,170.4
2022,7,4,2022,2022-04,DEPT-08,CONTR,167.9
2022,8,5,2022,2022-05,DEPT-08,CONTR,175.9
2022,9,6,2022,2022-06,DEPT-08,CONTR,163.6
2022,10,7,2022,2022-07,DEPT-08,CONTR,192.3
2022,11,8,2022,2022-08,DEPT-08,CONTR,236.0
2022,12,9,2022,2022-09,DEPT-08,CONTR,286.9
2023,1,10,2022,2022-10,DEPT-08,PERS,968.8
2023,2,11,2022,2022-11,DEPT-08,PERS,1274.9
2023,3,12,2022,2022-12,DEPT-08,PERS,1259.0
2023,4,1,2023,2023-01,DEPT-08,PERS,1469.8
2023,5,2,2023,2023-02,DEPT-08,PERS,1629.3
2023,6,3,2023,2023-03,DEPT-08,PERS,1615.7
2023,7,4,2023,2023-04,DEPT-08,PERS,2027.5
2023,8,5,2023,2023-05,DEPT-08,PERS,2066.1
2023,9,6,2023,2023-06,DEPT-08,PERS,2080.3
2023,10,7,2023,2023-07,DEPT-08,PERS,2569.7
2023,11,8,2023,2023-08,DEPT-08,PERS,2166.1
2023,12,9,2023,2023-09,DEPT-08,PERS,3101.3
2023,1,10,2022,2022-10,DEPT-08,OPS,377.1
2023,2,11,2022,2022-11,DEPT-08,OPS,415.1
2023,3,12,2022,2022-12,DEPT-08,OPS,542.0
2023,4,1,2023,2023-01,DEPT-08,OPS,519.5
2023,5,2,2023,2023-02,DEPT-08,OPS,644.4
2023,6,3,2023,2023-03,DEPT-08,OPS,706.5
2023,7,4,2023,2023-04,DEPT-08,OPS,707.2
2023,8,5,2023,2023-05,DEPT-08,OPS,624.2
2023,9,6,2023,2023-06,DEPT-08,OPS,713.7
2023,10,7,2023,2023-07,DEPT-08,OPS,893.6
2023,11,8,2023,2023-08,DEPT-08,OPS,938.0
2023,12,9,2023,2023-09,DEPT-08,OPS,926.2
2023,1,10,2022,2022-10,DEPT-08,CAP,225.0
2023,2,11,2022,2022-11,DEPT-08,CAP,252.9
2023,3,12,2022,2022-12,DEPT-08,CAP,276.2
2023,4,1,2023,2023-01,DEPT-08,CAP,343.7
2023,5,2,2023,2023-02,DEPT-08,CAP,322.6
2023,6,3,2023,2023-03,DEPT-08,CAP,343.8
2023,7,4,2023,2023-04,DEPT-08,CAP,397.6
2023,8,5,2023,2023-05,DEPT-08,CAP,467.6
2023,9,6,2023,2023-06,DEPT-08,CAP,488.2
2023,10,7,2023,2023-07,DEPT-08,CAP,491.3
2023,11,8,2023,2023-08,DEPT-08,CAP,542.3
2023,12,9,2023,2023-09,DEPT-08,CAP,701.2
2023,1,10,2022,2022-10,DEPT-08,GRANTS,166.2
2023,2,11,2022,2022-11,DEPT-08,GRANTS,237.5
2023,3,12,2022,2022-12,DEPT-08,GRANTS,251.3
2023,4,1,2023,2023-01,DEPT-08,GRANTS,294.8
2023,5,2,2023,2023-02,DEPT-08,GRANTS,302.4
2023,6,3,2023,2023-03,DEPT-08,GRANTS,341.7
2023,7,4,2023,2023-04,DEPT-08,GRANTS,352.4
2023,8,5,2023,2023-05,DEPT-08,GRANTS,278.8
2023,9,6,2023,2023-06,DEPT-08,GRANTS,395.8
2023,10,7,2023,2023-07,DEPT-08,GRANTS,453.4
2023,11,8,2023,2023-08,DEPT-08,GRANTS,489.2
2023,12,9,2023,2023-09,DEPT-08,GRANTS,590.6
2023,1,10,2022,2022-10,DEPT-08,CONTR,93.2
2023,2,11,2022,2022-11,DEPT-08,CONTR,103.2
2023,3,12,2022,2022-12,DEPT-08,CONTR,123.2
2023,4,1,2023,2023-01,DEPT-08,CONTR,138.9
2023,5,2,2023,2023-02,DEPT-08,CONTR,141.3
2023,6,3,2023,2023-03,DEPT-08,CONTR,136.0
2023,7,4,2023,2023-04,DEPT-08,CONTR,125.3
2023,8,5,2023,2023-05,DEPT-08,CONTR,158.5
2023,9,6,2023,2023-06,DEPT-08,CONTR,184.5
2023,10,7,2023,2023-07,DEPT-08,CONTR,186.8
2023,11,8,2023,2023-08,DEPT-08,CONTR,224.1
2023,12,9,2023,2023-09,DEPT-08,CONTR,268.7
2024,1,10,2023,2023-10,DEPT-08,PERS,1047.6
2024,2,11,2023,2023-11,DEPT-08,PERS,1133.3
2024,3,12,2023,2023-12,DEPT-08,PERS,1423.1
2024,4,1,2024,2024-01,DEPT-08,PERS,1537.1
2024,5,2,2024,2024-02,DEPT-08,PERS,1773.0
2024,6,3,2024,2024-03,DEPT-08,PERS,1457.8
2024,7,4,2024,2024-04,DEPT-08,PERS,1728.1
2024,8,5,2024,2024-05,DEPT-08,PERS,2028.3
2024,9,6,2024,2024-06,DEPT-08,PERS,2252.9
2024,10,7,2024,2024-07,DEPT-08,PERS,2258.5
2024,11,8,2024,2024-08,DEPT-08,PERS,2370.2
2024,12,9,2024,2024-09,DEPT-08,PERS,3245.5
2024,1,10,2023,2023-10,DEPT-08,OPS,395.2
2024,2,11,2023,2023-11,DEPT-08,OPS,438.6
2024,3,12,2023,2023-12,DEPT-08,OPS,547.8
2024,4,1,2024,2024-01,DEPT-08,OPS,629.0
2024,5,2,2024,2024-02,DEPT-08,OPS,708.9
2024,6,3,2024,2024-03,DEPT-08,OPS,695.9
2024,7,4,2024,2024-04,DEPT-08,OPS,700.4
2024,8,5,2024,2024-05,DEPT-08,OPS,735.8
2024,9,6,2024,2024-06,DEPT-08,OPS,814.8
2024,10,7,2024,2024-07,DEPT-08,OPS,854.2
2024,11,8,2024,2024-08,DEPT-08,OPS,958.6
2024,12,9,2024,2024-09,DEPT-08,OPS,1089.8
2024,1,10,2023,2023-10,DEPT-08,CAP,213.7
2024,2,11,2023,2023-11,DEPT-08,CAP,215.0
2024,3,12,2023,2023-12,DEPT-08,CAP,269.9
2024,4,1,2024,2024-01,DEPT-08,CAP,303.5
2024,5,2,2024,2024-02,DEPT-08,CAP,374.0
2024,6,3,2024,2024-03,DEPT-08,CAP,332.5
2024,7,4,2024,2024-04,DEPT-08,CAP,346.1
2024,8,5,2024,2024-05,DEPT-08,CAP,370.1
2024,9,6,2024,2024-06,DEPT-08,CAP,462.9
2024,10,7,2024,2024-07,DEPT-08,CAP,350.0
2024,11,8,2024,2024-08,DEPT-08,CAP,455.0
2024,12,9,2024,2024-09,DEPT-08,CAP,760.0
2024,1,10,2023,2023-10,DEPT-08,GRANTS,151.8
2024,2,11,2023,2023-11,DEPT-08,GRANTS,161.5
2024,3,12,2023,2023-12,DEPT-08,GRANTS,208.7
2024,4,1,2024,2024-01,DEPT-08,GRANTS,226.7
2024,5,2,2024,2024-02,DEPT-08,GRANTS,257.9
2024,6,3,2024,2024-03,DEPT-08,GRANTS,295.6
2024,7,4,2024,2024-04,DEPT-08,GRANTS,282.3
2024,8,5,2024,2024-05,DEPT-08,GRANTS,277.4
2024,9,6,2024,2024-06,DEPT-08,GRANTS,325.3
2024,10,7,2024,2024-07,DEPT-08,GRANTS,319.3
2024,11,8,2024,2024-08,DEPT-08,GRANTS,339.8
2024,12,9,2024,2024-09,DEPT-08,GRANTS,401.3
2024,1,10,2023,2023-10,DEPT-08,CONTR,87.2
2024,2,11,2023,2023-11,DEPT-08,CONTR,113.2
2024,3,12,2023,2023-12,DEPT-08,CONTR,130.5
2024,4,1,2024,2024-01,DEPT-08,CONTR,159.0
2024,5,2,2024,2024-02,DEPT-08,CONTR,150.3
2024,6,3,2024,2024-03,DEPT-08,CONTR,132.7
2024,7,4,2024,2024-04,DEPT-08,CONTR,172.7
2024,8,5,2024,2024-05,DEPT-08,CONTR,191.9
2024,9,6,2024,2024-06,DEPT-08,CONTR,200.4
2024,10,7,2024,2024-07,DEPT-08,CONTR,261.0
2024,11,8,2024,2024-08,DEPT-08,CONTR,242.4
2024,12,9,2024,2024-09,DEPT-08,CONTR,344.0
2025,1,10,2024,2024-10,DEPT-08,PERS,826.1
2025,2,11,2024,2024-11,DEPT-08,PERS,1007.8
2025,3,12,2024,2024-12,DEPT-08,PERS,1115.3
2025,4,1,2025,2025-01,DEPT-08,PERS,1281.0
2025,5,2,2025,2025-02,DEPT-08,PERS,1294.6
2025,6,3,2025,2025-03,DEPT-08,PERS,1490.9
2025,7,4,2025,2025-04,DEPT-08,PERS,1533.3
2025,8,5,2025,2025-05,DEPT-08,PERS,1529.7
2025,9,6,2025,2025-06,DEPT-08,PERS,1885.3
2025,10,7,2025,2025-07,DEPT-08,PERS,1996.5
2025,11,8,2025,2025-08,DEPT-08,PERS,2038.7
2025,12,9,2025,2025-09,DEPT-08,PERS,2697.1
2025,1,10,2024,2024-10,DEPT-08,OPS,349.3
2025,2,11,2024,2024-11,DEPT-08,OPS,400.0
2025,3,12,2024,2024-12,DEPT-08,OPS,510.9
2025,4,1,2025,2025-01,DEPT-08,OPS,519.9
2025,5,2,2025,2025-02,DEPT-08,OPS,541.9
2025,6,3,2025,2025-03,DEPT-08,OPS,544.1
2025,7,4,2025,2025-04,DEPT-08,OPS,645.3
2025,8,5,2025,2025-05,DEPT-08,OPS,735.3
2025,9,6,2025,2025-06,DEPT-08,OPS,701.2
2025,10,7,2025,2025-07,DEPT-08,OPS,986.1
2025,11,8,2025,2025-08,DEPT-08,OPS,962.5
2025,12,9,2025,2025-09,DEPT-08,OPS,1251.5
2025,1,10,2024,2024-10,DEPT-08,CAP,229.1
2025,2,11,2024,2024-11,DEPT-08,CAP,302.3
2025,3,12,2024,2024-12,DEPT-08,CAP,291.6
2025,4,1,2025,2025-01,DEPT-08,CAP,266.5
2025,5,2,2025,2025-02,DEPT-08,CAP,346.2
2025,6,3,2025,2025-03,DEPT-08,CAP,400.1
2025,7,4,2025,2025-04,DEPT-08,CAP,411.9
2025,8,5,2025,2025-05,DEPT-08,CAP,440.4
2025,9,6,2025,2025-06,DEPT-08,CAP,502.9
2025,10,7,2025,2025-07,DEPT-08,CAP,518.0
2025,11,8,2025,2025-08,DEPT-08,CAP,585.7
2025,12,9,2025,2025-09,DEPT-08,CAP,642.0
2025,1,10,2024,2024-10,DEPT-08,GRANTS,144.4
2025,2,11,2024,2024-11,DEPT-08,GRANTS,218.4
2025,3,12,2024,2024-12,DEPT-08,GRANTS,230.5
2025,4,1,2025,2025-01,DEPT-08,GRANTS,233.9
2025,5,2,2025,2025-02,DEPT-08,GRANTS,250.7
2025,6,3,2025,2025-03,DEPT-08,GRANTS,266.8
2025,7,4,2025,2025-04,DEPT-08,GRANTS,282.0
2025,8,5,2025,2025-05,DEPT-08,GRANTS,284.1
2025,9,6,2025,2025-06,DEPT-08,GRANTS,294.0
2025,10,7,2025,2025-07,DEPT-08,GRANTS,363.5
2025,11,8,2025,2025-08,DEPT-08,GRANTS,385.3
2025,12,9,2025,2025-09,DEPT-08,GRANTS,555.2
2025,1,10,2024,2024-10,DEPT-08,CONTR,89.5
2025,2,11,2024,2024-11,DEPT-08,CONTR,109.1
2025,3,12,2024,2024-12,DEPT-08,CONTR,118.8
2025,4,1,2025,2025-01,DEPT-08,CONTR,134.7
2025,5,2,2025,2025-02,DEPT-08,CONTR,149.9
2025,6,3,2025,2025-03,DEPT-08,CONTR,164.3
2025,7,4,2025,2025-04,DEPT-08,CONTR,163.9
2025,8,5,2025,2025-05,DEPT-08,CONTR,189.9
2025,9,6,2025,2025-06,DEPT-08,CONTR,184.7
2025,10,7,2025,2025-07,DEPT-08,CONTR,216.9
2025,11,8,2025,2025-08,DEPT-08,CONTR,214.7
2025,12,9,2025,2025-09,DEPT-08,CONTR,240.8
2026,1,10,2025,2025-10,DEPT-08,PERS,941.7
2026,2,11,2025,2025-11,DEPT-08,PERS,1192.2
2026,3,12,2025,2025-12,DEPT-08,PERS,1393.0
2026,4,1,2026,2026-01,DEPT-08,PERS,1482.6
2026,5,2,2026,2026-02,DEPT-08,PERS,1493.7
2026,6,3,2026,2026-03,DEPT-08,PERS,1533.2
2026,7,4,2026,2026-04,DEPT-08,PERS,1818.3
2026,8,5,2026,2026-05,DEPT-08,PERS,1906.8
2026,1,10,2025,2025-10,DEPT-08,OPS,398.9
2026,2,11,2025,2025-11,DEPT-08,OPS,555.8
2026,3,12,2025,2025-12,DEPT-08,OPS,560.7
2026,4,1,2026,2026-01,DEPT-08,OPS,619.4
2026,5,2,2026,2026-02,DEPT-08,OPS,787.2
2026,6,3,2026,2026-03,DEPT-08,OPS,794.1
2026,7,4,2026,2026-04,DEPT-08,OPS,766.3
2026,8,5,2026,2026-05,DEPT-08,OPS,854.5
2026,1,10,2025,2025-10,DEPT-08,CAP,224.0
2026,2,11,2025,2025-11,DEPT-08,CAP,211.1
2026,3,12,2025,2025-12,DEPT-08,CAP,296.5
2026,4,1,2026,2026-01,DEPT-08,CAP,342.9
2026,5,2,2026,2026-02,DEPT-08,CAP,358.3
2026,6,3,2026,2026-03,DEPT-08,CAP,401.2
2026,7,4,2026,2026-04,DEPT-08,CAP,455.8
2026,8,5,2026,2026-05,DEPT-08,CAP,431.2
2026,1,10,2025,2025-10,DEPT-08,GRANTS,147.2
2026,2,11,2025,2025-11,DEPT-08,GRANTS,201.6
2026,3,12,2025,2025-12,DEPT-08,GRANTS,226.2
2026,4,1,2026,2026-01,DEPT-08,GRANTS,247.0
2026,5,2,2026,2026-02,DEPT-08,GRANTS,261.7
2026,6,3,2026,2026-03,DEPT-08,GRANTS,337.1
2026,7,4,2026,2026-04,DEPT-08,GRANTS,249.3
2026,8,5,2026,2026-05,DEPT-08,GRANTS,311.6
2026,1,10,2025,2025-10,DEPT-08,CONTR,91.5
2026,2,11,2025,2025-11,DEPT-08,CONTR,104.9
2026,3,12,2025,2025-12,DEPT-08,CONTR,141.8
2026,4,1,2026,2026-01,DEPT-08,CONTR,151.7
2026,5,2,2026,2026-02,DEPT-08,CONTR,152.0
2026,6,3,2026,2026-03,DEPT-08,CONTR,159.3
2026,7,4,2026,2026-04,DEPT-08,CONTR,171.4
2026,8,5,2026,2026-05,DEPT-08,CONTR,181.6
